path,type,lines,sha256_prefix,validation,review_depth,signals_to_check
.dockerignore,other,59,588f3ed74f6c132f,scanned,automated inspection,
.editorconfig,other,2,2fb17989631032b3,scanned,automated inspection,
.env.example,example,88,61129174119e12a7,scanned,automated inspection,
.github/CODEOWNERS,other,24,89e2cab419a129b5,scanned,automated inspection,
.github/dependabot.yml,yml,87,418741822a38828d,yaml parsed,automated inspection,
.github/workflows/cd.yml,yml,238,8d667d56f89a84de,yaml parsed,focused manual inspection,
.github/workflows/ci.yml,yml,208,dab73b78bc2b3ad7,yaml parsed,focused manual inspection,
.github/workflows/pr-checks.yml,yml,48,6073203662d1b2f4,yaml parsed,automated inspection,
.github/workflows/scheduled.yml,yml,62,ac492444c013d1c3,yaml parsed,automated inspection,
.github/workflows/sonarcloud.yml,yml,82,896a6fa2168b4c33,yaml parsed,automated inspection,
Directory.Build.props,props,17,5666e10514c54891,xml parsed,automated inspection,
Directory.Packages.props,props,115,b66255e0d7a5f5a6,xml parsed,automated inspection,
auction.sln,sln,1332,d96f778afeab498e,scanned,automated inspection,
deploy/azure/README.md,md,218,05c6ee24090972dc,scanned,automated inspection,
deploy/azure/bootstrap-key-vault.sh,sh,83,15b2e875f965f6e5,scanned,automated inspection,
deploy/azure/main.bicep,bicep,535,7ca5074a38b2ff3f,scanned,automated inspection,
deploy/azure/main.bicepparam.example,example,8,da250a489bcf6ecf,scanned,automated inspection,
deploy/azure/render-kubernetes.sh,sh,81,032ae6e13bd083f5,scanned,automated inspection,
deploy/config/appsettings.Production.template.json,json,70,b571337d403cc5e7,json parsed,automated inspection,configuration_secret_field
deploy/docker/Dockerfile.base,base,41,eb1c76460e8ffe81,scanned,automated inspection,
deploy/docker/docker-compose.yml,yml,541,513a40e374af3f3f,yaml parsed,focused manual inspection,
deploy/docker/scripts/init-databases.sh,sh,25,62d972d3e08e2999,scanned,automated inspection,
deploy/kubernetes/base/configmap.yaml,yaml,48,12f0aee58a8d0718,yaml parsed,automated inspection,
deploy/kubernetes/base/infrastructure/elasticsearch.yaml,yaml,83,7eef6592df7358b7,yaml parsed,automated inspection,
deploy/kubernetes/base/infrastructure/postgres.yaml,yaml,123,41d2b266cd6acc00,yaml parsed,automated inspection,
deploy/kubernetes/base/infrastructure/rabbitmq.yaml,yaml,102,0e67e873caee634f,yaml parsed,automated inspection,
deploy/kubernetes/base/infrastructure/redis.yaml,yaml,97,caf18d39ecd95bed,yaml parsed,automated inspection,
deploy/kubernetes/base/ingress.yaml,yaml,265,c8e3c72800fd3905,yaml parsed,focused manual inspection,
deploy/kubernetes/base/kustomization.yaml,yaml,37,664741fae1a00a8e,yaml parsed,focused manual inspection,
deploy/kubernetes/base/migrations.yaml,yaml,278,5ec4a7e72e6a5159,yaml parsed,automated inspection,
deploy/kubernetes/base/namespace.yaml,yaml,57,86b70d8e5c04a1e2,yaml parsed,automated inspection,
deploy/kubernetes/base/priority-classes.yaml,yaml,31,119c704b9f203877,yaml parsed,automated inspection,
deploy/kubernetes/base/rbac.yaml,yaml,45,e1323c8fcdac83cb,yaml parsed,automated inspection,
deploy/kubernetes/base/secrets.yaml,yaml,45,ceee91a2c708a6ec,yaml parsed,focused manual inspection,
deploy/kubernetes/base/services/analytics-api.yaml,yaml,135,886bfd7a86efc5c7,yaml parsed,automated inspection,
deploy/kubernetes/base/services/auction-api.yaml,yaml,147,eca6bc32c6550ca0,yaml parsed,automated inspection,
deploy/kubernetes/base/services/bidding-api.yaml,yaml,166,61d5fb6bf5ef42f3,yaml parsed,automated inspection,
deploy/kubernetes/base/services/catalog-api.yaml,yaml,119,e09e14b8e21f5ede,yaml parsed,automated inspection,
deploy/kubernetes/base/services/gateway-api.yaml,yaml,147,9be67d62703ddb4f,yaml parsed,automated inspection,
deploy/kubernetes/base/services/identity-api.yaml,yaml,140,c4e99aac5968abe0,yaml parsed,automated inspection,
deploy/kubernetes/base/services/job-api.yaml,yaml,142,3d0cd2caad3ec21b,yaml parsed,automated inspection,
deploy/kubernetes/base/services/notification-api.yaml,yaml,135,05fbacc34d552b3b,yaml parsed,automated inspection,
deploy/kubernetes/base/services/payment-api.yaml,yaml,135,ba294cc12e5d79fd,yaml parsed,automated inspection,
deploy/kubernetes/base/services/pdb.yaml,yaml,131,b27fc77f0be739cb,yaml parsed,automated inspection,
deploy/kubernetes/base/services/search-api.yaml,yaml,148,1e0de004206c6568,yaml parsed,automated inspection,
deploy/kubernetes/base/services/storage-api.yaml,yaml,137,d08ed63da4fad1cb,yaml parsed,automated inspection,
deploy/kubernetes/base/services/web.yaml,yaml,91,ca8cdb0d70cc234a,yaml parsed,automated inspection,
deploy/kubernetes/overlays/dev/kustomization.yaml,yaml,121,845269b69cdad50e,yaml parsed,focused manual inspection,
deploy/kubernetes/overlays/production/azure-egress.yaml,yaml,92,85c1f4a277c05a67,yaml parsed,automated inspection,
deploy/kubernetes/overlays/production/cluster-issuer.yaml,yaml,14,009bf6a915b8f1d8,yaml parsed,automated inspection,
deploy/kubernetes/overlays/production/external-secret-resources.yaml,yaml,140,38d44d2dfbdbfe5a,yaml parsed,automated inspection,
deploy/kubernetes/overlays/production/kustomization.yaml,yaml,178,e7b246f73a9ba8ec,yaml parsed,focused manual inspection,
deploy/kubernetes/overlays/staging/kustomization.yaml,yaml,144,c37a0ce20b2b349c,yaml parsed,focused manual inspection,
global.json,json,8,25ef33cde81da41f,json parsed,automated inspection,
src/BuildingBlocks/BuildingBlocks.Application/Abstractions/Auditing/AuditEntry.cs,cs,12,22f1a861f9ec3995,C# included in project-tree scan,automated inspection,
src/BuildingBlocks/BuildingBlocks.Application/Abstractions/Auditing/IAuditPublisher.cs,cs,40,1602722c1162f4e1,C# included in project-tree scan,automated inspection,enumerable_input;cancellation_token;external_call
src/BuildingBlocks/BuildingBlocks.Application/Abstractions/Error.cs,cs,18,593a5240a365f895,C# included in project-tree scan,automated inspection,
src/BuildingBlocks/BuildingBlocks.Application/Abstractions/ErrorCodes.cs,cs,94,d3d5c0e248e95579,C# included in project-tree scan,automated inspection,
src/BuildingBlocks/BuildingBlocks.Application/Abstractions/ICacheService.cs,cs,29,03f5ceddc6ba281d,C# included in project-tree scan,automated inspection,cancellation_token
src/BuildingBlocks/BuildingBlocks.Application/Abstractions/IIdempotencyService.cs,cs,12,898415b7d7864f74,C# included in project-tree scan,automated inspection,cancellation_token
src/BuildingBlocks/BuildingBlocks.Application/Abstractions/IOutboxPublisher.cs,cs,7,f3343dcfdd206888,C# included in project-tree scan,automated inspection,enumerable_input;cancellation_token
src/BuildingBlocks/BuildingBlocks.Application/Abstractions/IRepository.cs,cs,31,045ace8974ed7296,C# included in project-tree scan,automated inspection,enumerable_input;cancellation_token
src/BuildingBlocks/BuildingBlocks.Application/Abstractions/ISanitizationService.cs,cs,9,fd2969630d71ca40,C# included in project-tree scan,automated inspection,
src/BuildingBlocks/BuildingBlocks.Application/Abstractions/IUnitOfWork.cs,cs,9,d517251b5ef94ef3,C# included in project-tree scan,automated inspection,ef_save;cancellation_token
src/BuildingBlocks/BuildingBlocks.Application/Abstractions/IUserContext.cs,cs,21,1707b41ccc215c53,C# included in project-tree scan,automated inspection,
src/BuildingBlocks/BuildingBlocks.Application/Abstractions/LocalizableError.cs,cs,15,daab51226a156d87,C# included in project-tree scan,automated inspection,
src/BuildingBlocks/BuildingBlocks.Application/Abstractions/Locking/IDistributedLock.cs,cs,15,e7c2169f3ce24bcd,C# included in project-tree scan,automated inspection,cancellation_token
src/BuildingBlocks/BuildingBlocks.Application/Abstractions/Messaging/IEventPublisher.cs,cs,7,2f63aea0a20eceff,C# included in project-tree scan,automated inspection,enumerable_input;cancellation_token;external_call
src/BuildingBlocks/BuildingBlocks.Application/Abstractions/PaginatedResult.cs,cs,17,15befaf54d01a605,C# included in project-tree scan,automated inspection,
src/BuildingBlocks/BuildingBlocks.Application/Abstractions/Providers/ICorrelationIdProvider.cs,cs,7,562425bb2aedea1b,C# included in project-tree scan,automated inspection,
src/BuildingBlocks/BuildingBlocks.Application/Abstractions/Providers/IDateTimeProvider.cs,cs,15,ca6100205e481efe,C# included in project-tree scan,automated inspection,manual_time
src/BuildingBlocks/BuildingBlocks.Application/Abstractions/Result.cs,cs,162,200ebe55fec66017,C# included in project-tree scan,automated inspection,enumerable_input;suppressed_nullable;query_materialization
src/BuildingBlocks/BuildingBlocks.Application/Abstractions/Storage/FileStorageSettings.cs,cs,38,9c5d1f2914e4d68d,C# included in project-tree scan,automated inspection,
src/BuildingBlocks/BuildingBlocks.Application/Abstractions/Storage/IFileStorageService.cs,cs,63,7615c72e568157a0,C# included in project-tree scan,automated inspection,cancellation_token
src/BuildingBlocks/BuildingBlocks.Application/Abstractions/ValidationError.cs,cs,18,1764074c9c563c3b,C# included in project-tree scan,automated inspection,
src/BuildingBlocks/BuildingBlocks.Application/Authorization/AuthClaimTypes.cs,cs,10,bd8e08c5e97d2cdf,C# included in project-tree scan,automated inspection,
src/BuildingBlocks/BuildingBlocks.Application/Authorization/Permission.cs,cs,174,0a9e89061463c94c,C# included in project-tree scan,automated inspection,
src/BuildingBlocks/BuildingBlocks.Application/Authorization/RolePermissions.cs,cs,94,bf7164b8a1e39956,C# included in project-tree scan,automated inspection,enumerable_input
src/BuildingBlocks/BuildingBlocks.Application/Authorization/Roles.cs,cs,13,90d5764ebcdb0e0c,C# included in project-tree scan,automated inspection,
src/BuildingBlocks/BuildingBlocks.Application/Behaviors/LoggingBehavior.cs,cs,72,eb90767f6e0f7637,C# included in project-tree scan,focused manual inspection,broad_exception_catch;cancellation_token
src/BuildingBlocks/BuildingBlocks.Application/Behaviors/ValidationBehavior.cs,cs,73,ca0a5137ee556096,C# included in project-tree scan,focused manual inspection,parallel_work;enumerable_input;cancellation_token;query_materialization
src/BuildingBlocks/BuildingBlocks.Application/BuildingBlocks.Application.csproj,csproj,29,0dba7c7e0d6e98df,xml parsed,automated inspection,
src/BuildingBlocks/BuildingBlocks.Application/CQRS/BackgroundJobResult.cs,cs,7,4bc5169a538db809,C# included in project-tree scan,automated inspection,
src/BuildingBlocks/BuildingBlocks.Application/CQRS/Commands/ICommand.cs,cs,26,04637863b0a07bca,C# included in project-tree scan,automated inspection,
src/BuildingBlocks/BuildingBlocks.Application/CQRS/Queries/IQuery.cs,cs,15,4de98cee5d372093,C# included in project-tree scan,automated inspection,
src/BuildingBlocks/BuildingBlocks.Application/Constants/AuditMetadataKeys.cs,cs,40,dd800686a0e09efd,C# included in project-tree scan,automated inspection,
src/BuildingBlocks/BuildingBlocks.Application/Constants/BackgroundJobStatuses.cs,cs,6,811e94c466f7af59,C# included in project-tree scan,automated inspection,
src/BuildingBlocks/BuildingBlocks.Application/Constants/PaginationDefaults.cs,cs,9,4c7374bf408021bd,C# included in project-tree scan,automated inspection,
src/BuildingBlocks/BuildingBlocks.Application/Extensions/CqrsExtensions.cs,cs,38,118da47cdc72804a,C# included in project-tree scan,automated inspection,
src/BuildingBlocks/BuildingBlocks.Application/Extensions/SanitizationExtensions.cs,cs,15,0efaef467eeda719,C# included in project-tree scan,automated inspection,
src/BuildingBlocks/BuildingBlocks.Application/Filtering/FilterBuilder.cs,cs,62,41cee6ff6c37729c,C# included in project-tree scan,automated inspection,enumerable_input
src/BuildingBlocks/BuildingBlocks.Application/Filtering/FilterExtensions.cs,cs,24,9235f87f7aadfc07,C# included in project-tree scan,automated inspection,enumerable_input
src/BuildingBlocks/BuildingBlocks.Application/Filtering/IFilter.cs,cs,6,29b81b39883c08e3,C# included in project-tree scan,automated inspection,
src/BuildingBlocks/BuildingBlocks.Application/Helpers/SlugHelper.cs,cs,46,7f8ce7e77945c177,C# included in project-tree scan,focused manual inspection,
src/BuildingBlocks/BuildingBlocks.Application/Implementations/CorrelationIdProvider.cs,cs,18,4e6b12ab255d3e11,C# included in project-tree scan,automated inspection,
src/BuildingBlocks/BuildingBlocks.Application/Implementations/HtmlSanitizationService.cs,cs,71,03c89e10d1275c06,C# included in project-tree scan,automated inspection,suppressed_nullable
src/BuildingBlocks/BuildingBlocks.Application/Implementations/SystemDateTimeProvider.cs,cs,10,7b72307af19c829c,C# included in project-tree scan,automated inspection,manual_time
src/BuildingBlocks/BuildingBlocks.Application/Localization/ILocalizationService.cs,cs,32,2a4c004e2ad6da5a,C# included in project-tree scan,automated inspection,enumerable_input
src/BuildingBlocks/BuildingBlocks.Application/Localization/LocalizationKeys.cs,cs,402,7f31b31036ecbeef,C# included in project-tree scan,automated inspection,
src/BuildingBlocks/BuildingBlocks.Application/Paging/PageRequest.cs,cs,8,4b2bcc1fcdb5cf13,C# included in project-tree scan,automated inspection,
src/BuildingBlocks/BuildingBlocks.Application/Paging/QueryExtensions.cs,cs,102,f2ea0eaf04cbbac8,C# included in project-tree scan,focused manual inspection,
src/BuildingBlocks/BuildingBlocks.Application/Paging/QueryParameters.cs,cs,46,0b1c39363f20e974,C# included in project-tree scan,automated inspection,
src/BuildingBlocks/BuildingBlocks.Application/Paging/QueryParametersValidator.cs,cs,41,480fb915497d9e7a,C# included in project-tree scan,automated inspection,
src/BuildingBlocks/BuildingBlocks.Application/Paging/README.md,md,182,c5c46d096c0d6346,scanned,automated inspection,
src/BuildingBlocks/BuildingBlocks.Application/Paging/SortDescriptor.cs,cs,7,c97dd5a2357314f9,C# included in project-tree scan,automated inspection,
src/BuildingBlocks/BuildingBlocks.Application/Resources/SharedResources.cs,cs,3,2ea956d2872bb70a,C# included in project-tree scan,automated inspection,
src/BuildingBlocks/BuildingBlocks.Application/Resources/SharedResources.ja-JP.resx,resx,59,c41775be4eae2e18,xml parsed,automated inspection,
src/BuildingBlocks/BuildingBlocks.Application/Resources/SharedResources.resx,resx,59,ae7ffade22c1fd50,xml parsed,automated inspection,
src/BuildingBlocks/BuildingBlocks.Application/Validation/LocalizedValidationMessages.cs,cs,52,8114f58b151251ed,C# included in project-tree scan,automated inspection,
src/BuildingBlocks/BuildingBlocks.Domain/Authorization/PermissionEnums.cs,cs,45,81443fdfd7accd84,C# included in project-tree scan,automated inspection,
src/BuildingBlocks/BuildingBlocks.Domain/BuildingBlocks.Domain.csproj,csproj,19,3bc55dab3ecbe1fc,xml parsed,automated inspection,
src/BuildingBlocks/BuildingBlocks.Domain/Constants/CurrencyCodes.cs,cs,16,420263aed7ad03eb,C# included in project-tree scan,automated inspection,
src/BuildingBlocks/BuildingBlocks.Domain/Constants/ValidationConstants.cs,cs,116,aa55da4b1cfbb070,C# included in project-tree scan,automated inspection,
src/BuildingBlocks/BuildingBlocks.Domain/Entities/AggregateRoot.cs,cs,9,097cb023e8c429fa,C# included in project-tree scan,automated inspection,
src/BuildingBlocks/BuildingBlocks.Domain/Entities/BaseEntity.cs,cs,98,dadc601c351bbbc1,C# included in project-tree scan,automated inspection,domain_events
src/BuildingBlocks/BuildingBlocks.Domain/Entities/Enumeration.cs,cs,54,180240477d88fe62,C# included in project-tree scan,automated inspection,enumerable_input
src/BuildingBlocks/BuildingBlocks.Domain/Entities/IAuditableEntity.cs,cs,6,d0ea6aa724dd0206,C# included in project-tree scan,automated inspection,
src/BuildingBlocks/BuildingBlocks.Domain/Entities/ValueObject.cs,cs,57,70ad77afd06890d5,C# included in project-tree scan,automated inspection,enumerable_input
src/BuildingBlocks/BuildingBlocks.Domain/Events/IDomainEvent.cs,cs,15,d13630f30fe70fba,C# included in project-tree scan,automated inspection,manual_time;domain_events
src/BuildingBlocks/BuildingBlocks.Domain/Exceptions/DomainException.cs,cs,50,6bbbc1ca76e1700b,C# included in project-tree scan,automated inspection,
src/BuildingBlocks/BuildingBlocks.Domain/Guards/Guard.cs,cs,93,e3fb399cfbc7c163,C# included in project-tree scan,automated inspection,manual_time
src/BuildingBlocks/BuildingBlocks.Domain/ValueObjects/DateRange.cs,cs,93,159a1a6aa29550da,C# included in project-tree scan,automated inspection,enumerable_input
src/BuildingBlocks/BuildingBlocks.Domain/ValueObjects/Money.cs,cs,126,f0c9c739a2f0bd91,C# included in project-tree scan,automated inspection,enumerable_input
src/BuildingBlocks/BuildingBlocks.Domain/ValueObjects/StronglyTypedId.cs,cs,49,d2ca4ad4842af574,C# included in project-tree scan,automated inspection,
src/BuildingBlocks/BuildingBlocks.Infrastructure/Auditing/AuditPublisher.cs,cs,201,eb9a71a4b40684c2,C# included in project-tree scan,focused manual inspection,enumerable_input;cancellation_token;manual_time;query_materialization;external_call
src/BuildingBlocks/BuildingBlocks.Infrastructure/Auditing/HttpAuditContext.cs,cs,52,b06f74cb8eaca9a2,C# included in project-tree scan,automated inspection,
src/BuildingBlocks/BuildingBlocks.Infrastructure/Authorization/IAuthorizationRepository.cs,cs,75,2ff6cdc500b4f2c4,C# included in project-tree scan,automated inspection,cancellation_token
src/BuildingBlocks/BuildingBlocks.Infrastructure/BuildingBlocks.Infrastructure.csproj,csproj,52,aa085d3593fb8976,xml parsed,automated inspection,
src/BuildingBlocks/BuildingBlocks.Infrastructure/Caching/CacheKeys.cs,cs,35,221b553fb08c5ee7,C# included in project-tree scan,automated inspection,enumerable_input
src/BuildingBlocks/BuildingBlocks.Infrastructure/Caching/RedisCacheService.cs,cs,112,7f0a4542293038c5,C# included in project-tree scan,automated inspection,cancellation_token
src/BuildingBlocks/BuildingBlocks.Infrastructure/Extensions/EfCoreQueryExtensions.cs,cs,63,c0eaad249270c92c,C# included in project-tree scan,automated inspection,async_ef_query;cancellation_token;query_materialization
src/BuildingBlocks/BuildingBlocks.Infrastructure/Extensions/InfrastructureServiceExtensions.cs,cs,31,6e082ae3024a52f6,C# included in project-tree scan,automated inspection,
src/BuildingBlocks/BuildingBlocks.Infrastructure/Idempotency/RedisIdempotencyService.cs,cs,54,5d28c4776fcab3b5,C# included in project-tree scan,automated inspection,cancellation_token
src/BuildingBlocks/BuildingBlocks.Infrastructure/Localization/AppLocalizationService.cs,cs,51,157e7543ebe40f72,C# included in project-tree scan,automated inspection,enumerable_input
src/BuildingBlocks/BuildingBlocks.Infrastructure/Localization/CompositeLocalizationService.cs,cs,79,b1fe75899e7548de,C# included in project-tree scan,automated inspection,enumerable_input
src/BuildingBlocks/BuildingBlocks.Infrastructure/Locking/RedisLock.cs,cs,119,2117991db62ba71b,C# included in project-tree scan,automated inspection,broad_exception_catch;cancellation_token;manual_time
src/BuildingBlocks/BuildingBlocks.Infrastructure/Messaging/MassTransitEventPublisher.cs,cs,24,bb0acad8902de573,C# included in project-tree scan,automated inspection,enumerable_input;cancellation_token;external_call
src/BuildingBlocks/BuildingBlocks.Infrastructure/Outbox/OutboxProcessingMetrics.cs,cs,44,3974608d31a346fc,C# included in project-tree scan,automated inspection,
src/BuildingBlocks/BuildingBlocks.Infrastructure/Repository/BaseUnitOfWork.cs,cs,92,be97d8b04b840a39,C# included in project-tree scan,automated inspection,ef_save;cancellation_token;query_materialization
src/BuildingBlocks/BuildingBlocks.Infrastructure/Repository/Converters/DateTimeOffsetUtcConverter.cs,cs,23,0e695b62048e3070,C# included in project-tree scan,automated inspection,
src/BuildingBlocks/BuildingBlocks.Infrastructure/Repository/IUnitOfWork.cs,cs,1,b6b6c080fc3b5f4f,C# included in project-tree scan,automated inspection,
src/BuildingBlocks/BuildingBlocks.Infrastructure/Resilience/ResilienceExtensions.cs,cs,133,c6552fc56b2bdec5,C# included in project-tree scan,automated inspection,
src/BuildingBlocks/BuildingBlocks.Infrastructure/Scheduling/BaseJob.cs,cs,132,cb3f841f4f8fa332,C# included in project-tree scan,automated inspection,broad_exception_catch;cancellation_token
src/BuildingBlocks/BuildingBlocks.Infrastructure/Scheduling/SchedulingExtensions.cs,cs,103,5fe7a6cf7f624c39,C# included in project-tree scan,automated inspection,manual_time
src/BuildingBlocks/BuildingBlocks.Infrastructure/Storage/AzureBlobStorageService.cs,cs,266,0b1bdb120d3f27bb,C# included in project-tree scan,automated inspection,cancellation_token;manual_time
src/BuildingBlocks/BuildingBlocks.Infrastructure/Storage/BlobStorageConstants.cs,cs,19,2c66bd0d83d3b88f,C# included in project-tree scan,automated inspection,
src/BuildingBlocks/BuildingBlocks.Infrastructure/Storage/LocalFileStorageService.cs,cs,302,9adbfb07704f0666,C# included in project-tree scan,automated inspection,broad_exception_catch;cancellation_token;manual_time
src/BuildingBlocks/BuildingBlocks.Infrastructure/Storage/StorageServiceExtensions.cs,cs,31,49af077d92d59756,C# included in project-tree scan,automated inspection,
src/BuildingBlocks/BuildingBlocks.Web/Authorization/Attributes.cs,cs,35,4f68059d2cc51d29,C# included in project-tree scan,automated inspection,
src/BuildingBlocks/BuildingBlocks.Web/Authorization/ClaimsPrincipalExtensions.cs,cs,53,ce2911f57ed68d6b,C# included in project-tree scan,automated inspection,enumerable_input
src/BuildingBlocks/BuildingBlocks.Web/Authorization/PermissionHandler.cs,cs,54,10a633a6feac5a9b,C# included in project-tree scan,automated inspection,
src/BuildingBlocks/BuildingBlocks.Web/BuildingBlocks.Web.csproj,csproj,56,d803f89dd3d0b670,xml parsed,automated inspection,
src/BuildingBlocks/BuildingBlocks.Web/Constants/Constants.cs,cs,25,cb9a06787dfd073a,C# included in project-tree scan,automated inspection,
src/BuildingBlocks/BuildingBlocks.Web/Exceptions/AppException.cs,cs,69,44899c86cc0d0d86,C# included in project-tree scan,automated inspection,
src/BuildingBlocks/BuildingBlocks.Web/Extensions/AuditExtensions.cs,cs,29,a0ff00bf91f87f05,C# included in project-tree scan,automated inspection,
src/BuildingBlocks/BuildingBlocks.Web/Extensions/AuthenticationExtensions.cs,cs,51,5f5b5b14a885f315,C# included in project-tree scan,automated inspection,
src/BuildingBlocks/BuildingBlocks.Web/Extensions/AuthorizationExtensions.cs,cs,29,74dd0ae40e618223,C# included in project-tree scan,automated inspection,
src/BuildingBlocks/BuildingBlocks.Web/Extensions/ConfigurationValidationExtensions.cs,cs,91,74c9b4d316855211,C# included in project-tree scan,automated inspection,
src/BuildingBlocks/BuildingBlocks.Web/Extensions/HealthCheckExtensions.cs,cs,106,c6094b5d87361aaf,C# included in project-tree scan,automated inspection,manual_time
src/BuildingBlocks/BuildingBlocks.Web/Extensions/JwtAuthenticationExtensions.cs,cs,121,464fc8db51af54f2,C# included in project-tree scan,automated inspection,
src/BuildingBlocks/BuildingBlocks.Web/Extensions/LocalizationExtensions.cs,cs,99,b2bc9a59a5c61214,C# included in project-tree scan,automated inspection,query_materialization
src/BuildingBlocks/BuildingBlocks.Web/Extensions/ResultExtensions.cs,cs,43,8fcc04b209e49194,C# included in project-tree scan,automated inspection,suppressed_nullable
src/BuildingBlocks/BuildingBlocks.Web/Extensions/UtilityExtensions.cs,cs,16,c5b239133801c4f0,C# included in project-tree scan,automated inspection,
src/BuildingBlocks/BuildingBlocks.Web/GlobalUsings.cs,cs,1,d7e739a6eed2e7cf,C# included in project-tree scan,automated inspection,
src/BuildingBlocks/BuildingBlocks.Web/Helpers/ProblemDetailsHelper.cs,cs,187,3191779ab977e6ea,C# included in project-tree scan,automated inspection,query_materialization
src/BuildingBlocks/BuildingBlocks.Web/Helpers/UserHelper.cs,cs,68,2480cc0a3343b5f3,C# included in project-tree scan,automated inspection,enumerable_input
src/BuildingBlocks/BuildingBlocks.Web/Helpers/ValidationErrorLocalizer.cs,cs,101,b86215840a9c3559,C# included in project-tree scan,automated inspection,
src/BuildingBlocks/BuildingBlocks.Web/Localization/RequestLocalizationContext.cs,cs,23,108efb80d603882e,C# included in project-tree scan,automated inspection,
src/BuildingBlocks/BuildingBlocks.Web/Localization/RequestLocalizationContextMiddleware.cs,cs,15,b4945a766876448f,C# included in project-tree scan,automated inspection,
src/BuildingBlocks/BuildingBlocks.Web/Middleware/CommonMiddleware.cs,cs,84,a2a81d9e0708e356,C# included in project-tree scan,automated inspection,
src/BuildingBlocks/BuildingBlocks.Web/Middleware/ExceptionHandlingMiddleware.cs,cs,180,ddaf0dc01ab34dc1,C# included in project-tree scan,automated inspection,broad_exception_catch
src/BuildingBlocks/BuildingBlocks.Web/Middleware/SecurityHeadersMiddleware.cs,cs,101,6eb7720e3db86bb2,C# included in project-tree scan,automated inspection,
src/BuildingBlocks/BuildingBlocks.Web/Observability/LoggingExtensions.cs,cs,293,b9d15cab18e53361,C# included in project-tree scan,automated inspection,
src/BuildingBlocks/BuildingBlocks.Web/Observability/ObservabilityExtensions.cs,cs,121,ea1f66bf620cd04b,C# included in project-tree scan,automated inspection,
src/BuildingBlocks/BuildingBlocks.Web/Observability/TracingMiddleware.cs,cs,45,edf5a8dfa51e5fb8,C# included in project-tree scan,automated inspection,broad_exception_catch
src/BuildingBlocks/BuildingBlocks.Web/OpenApi/ApiVersioningExtensions.cs,cs,29,b568e177b4b3a58a,C# included in project-tree scan,automated inspection,
src/BuildingBlocks/BuildingBlocks.Web/OpenApi/OpenApiExtensions.cs,cs,25,428834c3387ee1b3,C# included in project-tree scan,automated inspection,
src/BuildingBlocks/BuildingBlocks.Web/OpenApi/SwaggerUiExtensions.cs,cs,34,6ae44bcb03e18bf9,C# included in project-tree scan,automated inspection,
src/Contracts/Common.Contracts/Common.Contracts.csproj,csproj,11,202c4bc4e7f94337,xml parsed,automated inspection,
src/Contracts/Common.Contracts/Events/AuditEvent.cs,cs,28,6693fc5ecb24a539,C# included in project-tree scan,automated inspection,manual_time
src/Contracts/Common.Contracts/Events/IVersionedEvent.cs,cs,6,e970d9afd055d364,C# included in project-tree scan,automated inspection,
src/Gateway/Gateway.Api/Constants/GatewayConstants.cs,cs,12,f09553d1b945b0bf,C# included in project-tree scan,automated inspection,
src/Gateway/Gateway.Api/Dockerfile,Dockerfile,51,d6a097663e67bed4,Dockerfile FROM present,automated inspection,
src/Gateway/Gateway.Api/Extensions/AuthenticationExtensions.cs,cs,103,8bca94af6d7dba9d,C# included in project-tree scan,automated inspection,
src/Gateway/Gateway.Api/Extensions/MiddlewareExtensions.cs,cs,105,ae05c50d397a260c,C# included in project-tree scan,automated inspection,broad_exception_catch
src/Gateway/Gateway.Api/Extensions/RateLimiterExtensions.cs,cs,141,b1b426a0d4c423f6,C# included in project-tree scan,focused manual inspection,cancellation_token
src/Gateway/Gateway.Api/Gateway.Api.csproj,csproj,18,5cf1e8acfca528d0,xml parsed,automated inspection,
src/Gateway/Gateway.Api/Program.cs,cs,97,1fcc64a8aa7da39a,C# included in project-tree scan,automated inspection,authorization
src/Gateway/Gateway.Api/Properties/launchSettings.json,json,13,f7aefe5a2da4d970,json parsed,automated inspection,
src/Gateway/Gateway.Api/Resources/GatewayResources.cs,cs,3,43dac03600ea109c,C# included in project-tree scan,automated inspection,
src/Gateway/Gateway.Api/Resources/GatewayResources.ja-JP.resx,resx,38,655d29eca042de80,xml parsed,automated inspection,
src/Gateway/Gateway.Api/Resources/GatewayResources.resx,resx,38,7f41e21915a1cff5,xml parsed,automated inspection,
src/Gateway/Gateway.Api/appsettings.Production.json,json,13,63c197b7ce104a0d,json parsed,automated inspection,
src/Gateway/Gateway.Api/appsettings.json,json,578,882a55d9b8d59ed8,json parsed,automated inspection,
src/Orchestration/Orchestration.Contracts/Events/AuctionCompletionNotificationsFailed.cs,cs,12,1cedd87cde93db39,C# included in project-tree scan,automated inspection,manual_time
src/Orchestration/Orchestration.Contracts/Events/AuctionCompletionNotificationsSent.cs,cs,12,d61a7de2a3512875,C# included in project-tree scan,automated inspection,manual_time
src/Orchestration/Orchestration.Contracts/Events/AuctionCompletionReverted.cs,cs,12,d68b5dac025b4c3b,C# included in project-tree scan,automated inspection,manual_time
src/Orchestration/Orchestration.Contracts/Events/AuctionCompletionSagaCompleted.cs,cs,15,4833b9e5c6b8c179,C# included in project-tree scan,automated inspection,manual_time
src/Orchestration/Orchestration.Contracts/Events/AuctionCompletionSagaStarted.cs,cs,18,91fce1daf31cb1a2,C# included in project-tree scan,automated inspection,manual_time
src/Orchestration/Orchestration.Contracts/Events/AuctionCompletionSagaTimedOut.cs,cs,12,c72e76d4219e8fed,C# included in project-tree scan,automated inspection,manual_time
src/Orchestration/Orchestration.Contracts/Events/AuctionReservationFailed.cs,cs,13,c2928e1838bd81f1,C# included in project-tree scan,automated inspection,manual_time
src/Orchestration/Orchestration.Contracts/Events/AuctionReservationReleased.cs,cs,12,07be66a0d5602381,C# included in project-tree scan,automated inspection,manual_time
src/Orchestration/Orchestration.Contracts/Events/AuctionReservedForBuyNow.cs,cs,16,5aa87d7480102064,C# included in project-tree scan,automated inspection,manual_time
src/Orchestration/Orchestration.Contracts/Events/AuctionWinnerOrderCreated.cs,cs,13,3e5330bd264e522b,C# included in project-tree scan,automated inspection,manual_time
src/Orchestration/Orchestration.Contracts/Events/AuctionWinnerOrderFailed.cs,cs,12,341097dc08431b0e,C# included in project-tree scan,automated inspection,manual_time
src/Orchestration/Orchestration.Contracts/Events/BuyNowAuctionCompleted.cs,cs,13,e554590a6eb97a7e,C# included in project-tree scan,automated inspection,manual_time
src/Orchestration/Orchestration.Contracts/Events/BuyNowAuctionCompletionFailed.cs,cs,12,e5c05fe2db3c72d7,C# included in project-tree scan,automated inspection,manual_time
src/Orchestration/Orchestration.Contracts/Events/BuyNowOrderCreated.cs,cs,13,947975526da5ca85,C# included in project-tree scan,automated inspection,manual_time
src/Orchestration/Orchestration.Contracts/Events/BuyNowOrderCreationFailed.cs,cs,13,aadfb099e1908188,C# included in project-tree scan,automated inspection,manual_time
src/Orchestration/Orchestration.Contracts/Events/BuyNowSagaCompleted.cs,cs,15,3d789dcc58c68b77,C# included in project-tree scan,automated inspection,manual_time
src/Orchestration/Orchestration.Contracts/Events/BuyNowSagaStarted.cs,cs,18,a3e745e13baf09cd,C# included in project-tree scan,automated inspection,manual_time
src/Orchestration/Orchestration.Contracts/Events/BuyNowSagaTimedOut.cs,cs,14,295dcee88926ec4c,C# included in project-tree scan,automated inspection,manual_time
src/Orchestration/Orchestration.Contracts/Events/CompleteBuyNowAuction.cs,cs,14,a329cfa3ce0ae139,C# included in project-tree scan,automated inspection,manual_time
src/Orchestration/Orchestration.Contracts/Events/CreateAuctionWinnerOrder.cs,cs,17,02c822090703272f,C# included in project-tree scan,automated inspection,manual_time
src/Orchestration/Orchestration.Contracts/Events/CreateBuyNowOrder.cs,cs,17,52b439b889c68288,C# included in project-tree scan,automated inspection,manual_time
src/Orchestration/Orchestration.Contracts/Events/ReleaseAuctionReservation.cs,cs,12,d59a5e81c7dc9bc1,C# included in project-tree scan,automated inspection,manual_time
src/Orchestration/Orchestration.Contracts/Events/ReserveAuctionForBuyNow.cs,cs,13,b066d8d31ead32bb,C# included in project-tree scan,automated inspection,manual_time
src/Orchestration/Orchestration.Contracts/Events/RevertAuctionCompletion.cs,cs,12,a2271ed927552991,C# included in project-tree scan,automated inspection,manual_time
src/Orchestration/Orchestration.Contracts/Events/SendAuctionCompletionNotifications.cs,cs,18,56aa4bc94df51ecf,C# included in project-tree scan,automated inspection,manual_time
src/Orchestration/Orchestration.Contracts/OrchestrationService.Contracts.csproj,csproj,21,d24e007dc9072795,xml parsed,automated inspection,
src/Orchestration/Orchestration.Sagas/AuctionCompletion/AuctionCompletionSagaState.cs,cs,28,85fd4fb714245500,C# included in project-tree scan,automated inspection,
src/Orchestration/Orchestration.Sagas/AuctionCompletion/AuctionCompletionSagaStateMachine.cs,cs,201,67b324e59996ca8e,C# included in project-tree scan,focused manual inspection,manual_time;suppressed_nullable
src/Orchestration/Orchestration.Sagas/BuyNow/BuyNowSagaState.cs,cs,26,3c7c0fb1879dbf32,C# included in project-tree scan,automated inspection,
src/Orchestration/Orchestration.Sagas/BuyNow/BuyNowSagaStateMachine.cs,cs,234,d19e991fe77feb58,C# included in project-tree scan,focused manual inspection,manual_time;suppressed_nullable
src/Orchestration/Orchestration.Sagas/Orchestration.Sagas.csproj,csproj,30,3a7e47a1ed345351,xml parsed,automated inspection,
src/Orchestration/Orchestration.Sagas/SagaConstants.cs,cs,23,129fd3f46cb57c10,C# included in project-tree scan,automated inspection,
src/Services/Analytics/Analytics.Api/Analytics.Api.csproj,csproj,36,e2048d7255216277,xml parsed,automated inspection,
src/Services/Analytics/Analytics.Api/Dockerfile,Dockerfile,59,2cf5708f616e409c,Dockerfile FROM present,automated inspection,
src/Services/Analytics/Analytics.Api/Endpoints/AuditLogs/AuditLogsEndpoints.cs,cs,66,b44ee8d332d3bc65,C# included in project-tree scan,automated inspection,cancellation_token;http_routes;authorization
src/Services/Analytics/Analytics.Api/Endpoints/Platform/AnalyticsEndpoints.cs,cs,212,4c468d9c1b85ca89,C# included in project-tree scan,automated inspection,cancellation_token;http_routes;authorization;manual_time
src/Services/Analytics/Analytics.Api/Endpoints/Platform/DashboardEndpoints.cs,cs,62,784381d7c721bbf2,C# included in project-tree scan,automated inspection,cancellation_token;http_routes;authorization;query_materialization
src/Services/Analytics/Analytics.Api/Endpoints/Reports/ReportsEndpoints.cs,cs,121,5008b6f412ac4dcf,C# included in project-tree scan,automated inspection,cancellation_token;http_routes;authorization;suppressed_nullable
src/Services/Analytics/Analytics.Api/Endpoints/Settings/SettingsEndpoints.cs,cs,146,5e0131a06ba31cda,C# included in project-tree scan,automated inspection,cancellation_token;http_routes;authorization;suppressed_nullable
src/Services/Analytics/Analytics.Api/Endpoints/Users/UserAnalyticsEndpoints.cs,cs,81,29f7e1fadda252e6,C# included in project-tree scan,automated inspection,cancellation_token;http_routes;authorization
src/Services/Analytics/Analytics.Api/Extensions/DependencyInjection/SchedulingExtensions.cs,cs,16,040dbfd2e911ed9d,C# included in project-tree scan,automated inspection,
src/Services/Analytics/Analytics.Api/Extensions/DependencyInjection/ServiceCollectionExtensions.cs,cs,205,a26d1b4f76b407b8,C# included in project-tree scan,automated inspection,
src/Services/Analytics/Analytics.Api/Extensions/DependencyInjection/ValidationExtensions.cs,cs,54,b7809873aef28eec,C# included in project-tree scan,automated inspection,
src/Services/Analytics/Analytics.Api/GlobalUsings.cs,cs,13,4cfb77dcbd31fa34,C# included in project-tree scan,automated inspection,
src/Services/Analytics/Analytics.Api/Program.cs,cs,105,2c0b2119937dca34,C# included in project-tree scan,automated inspection,
src/Services/Analytics/Analytics.Api/Properties/launchSettings.json,json,14,5f40b30e5368d583,json parsed,automated inspection,
src/Services/Analytics/Analytics.Api/Resources/AnalyticsResources.cs,cs,3,4f5b56eca02db8f5,C# included in project-tree scan,automated inspection,
src/Services/Analytics/Analytics.Api/Resources/AnalyticsResources.ja-JP.resx,resx,43,b31842baed6e97e2,xml parsed,automated inspection,
src/Services/Analytics/Analytics.Api/Resources/AnalyticsResources.resx,resx,43,bff62282658b8e17,xml parsed,automated inspection,
src/Services/Analytics/Analytics.Api/appsettings.Production.json,json,18,619d4da9e32d7a16,json parsed,automated inspection,
src/Services/Analytics/Analytics.Api/appsettings.json,json,63,3b05a8eadc7de531,json parsed,automated inspection,configuration_secret_field
src/Services/Analytics/Analytics.Application/Analytics.Application.csproj,csproj,14,8d8d9a66cdb5f7f5,xml parsed,automated inspection,
src/Services/Analytics/Analytics.Application/DTOs/AnalyticsDto.cs,cs,154,6024ae31e2e1388e,C# included in project-tree scan,automated inspection,
src/Services/Analytics/Analytics.Application/DTOs/AuctionAnalyticsModels.cs,cs,36,446886b85c65bb4d,C# included in project-tree scan,automated inspection,
src/Services/Analytics/Analytics.Application/DTOs/AuditLogDto.cs,cs,35,ebeff2a3dde2a069,C# included in project-tree scan,automated inspection,
src/Services/Analytics/Analytics.Application/DTOs/BidAnalyticsModels.cs,cs,33,0052682e3bc9f9d9,C# included in project-tree scan,automated inspection,
src/Services/Analytics/Analytics.Application/DTOs/DailyStatsDto.cs,cs,62,7ffab72663e0d2ab,C# included in project-tree scan,automated inspection,
src/Services/Analytics/Analytics.Application/DTOs/DashboardDto.cs,cs,53,02ad3ad359708e6b,C# included in project-tree scan,automated inspection,
src/Services/Analytics/Analytics.Application/DTOs/PlatformSettingDto.cs,cs,38,c2acd4603e82a9e0,C# included in project-tree scan,automated inspection,
src/Services/Analytics/Analytics.Application/DTOs/ReportDto.cs,cs,64,e52e851d860b0f31,C# included in project-tree scan,automated inspection,
src/Services/Analytics/Analytics.Application/DTOs/RevenueAnalyticsModels.cs,cs,23,01ce33f9d5355640,C# included in project-tree scan,automated inspection,
src/Services/Analytics/Analytics.Application/DTOs/UserAnalyticsModels.cs,cs,67,9d78289f4f1ed18e,C# included in project-tree scan,automated inspection,
src/Services/Analytics/Analytics.Application/Errors/AnalyticsErrors.cs,cs,41,5e3ff6e429d1edcc,C# included in project-tree scan,automated inspection,
src/Services/Analytics/Analytics.Application/Features/AuditLogs/GetAuditLogById/GetAuditLogByIdQuery.cs,cs,6,79a432d4979596f6,C# included in project-tree scan,automated inspection,
src/Services/Analytics/Analytics.Application/Features/AuditLogs/GetAuditLogById/GetAuditLogByIdQueryHandler.cs,cs,22,cbe093a3461bc614,C# included in project-tree scan,automated inspection,cancellation_token
src/Services/Analytics/Analytics.Application/Features/AuditLogs/GetEntityAuditHistory/GetEntityAuditHistoryQuery.cs,cs,6,b4a121f9136fe43f,C# included in project-tree scan,automated inspection,
src/Services/Analytics/Analytics.Application/Features/AuditLogs/GetEntityAuditHistory/GetEntityAuditHistoryQueryHandler.cs,cs,18,f585046a225cc4ee,C# included in project-tree scan,automated inspection,cancellation_token
src/Services/Analytics/Analytics.Application/Features/AuditLogs/GetPagedAuditLogs/GetPagedAuditLogsQuery.cs,cs,7,0b93eabf7f98d9c7,C# included in project-tree scan,automated inspection,
src/Services/Analytics/Analytics.Application/Features/AuditLogs/GetPagedAuditLogs/GetPagedAuditLogsQueryHandler.cs,cs,25,8080f1124dfaf179,C# included in project-tree scan,automated inspection,cancellation_token
src/Services/Analytics/Analytics.Application/Features/PlatformAnalytics/GetAggregatedDailyStats/GetAggregatedDailyStatsQuery.cs,cs,6,8e40c38fbbc179e9,C# included in project-tree scan,automated inspection,
src/Services/Analytics/Analytics.Application/Features/PlatformAnalytics/GetAggregatedDailyStats/GetAggregatedDailyStatsQueryHandler.cs,cs,16,67ef6be48e9133b8,C# included in project-tree scan,automated inspection,cancellation_token
src/Services/Analytics/Analytics.Application/Features/PlatformAnalytics/GetAuctionMetrics/GetAuctionMetricsQuery.cs,cs,6,8dbe5c1903ce08a3,C# included in project-tree scan,automated inspection,
src/Services/Analytics/Analytics.Application/Features/PlatformAnalytics/GetAuctionMetrics/GetAuctionMetricsQueryHandler.cs,cs,16,fb0d7cbe1eb16127,C# included in project-tree scan,automated inspection,cancellation_token
src/Services/Analytics/Analytics.Application/Features/PlatformAnalytics/GetAuctionTrend/GetAuctionTrendQuery.cs,cs,6,247b24255b80b352,C# included in project-tree scan,automated inspection,
src/Services/Analytics/Analytics.Application/Features/PlatformAnalytics/GetAuctionTrend/GetAuctionTrendQueryHandler.cs,cs,16,dab433f28d0a3f87,C# included in project-tree scan,automated inspection,cancellation_token
src/Services/Analytics/Analytics.Application/Features/PlatformAnalytics/GetBidMetrics/GetBidMetricsQuery.cs,cs,6,415e4e99ca096cde,C# included in project-tree scan,automated inspection,
src/Services/Analytics/Analytics.Application/Features/PlatformAnalytics/GetBidMetrics/GetBidMetricsQueryHandler.cs,cs,16,dfde06a34219fa85,C# included in project-tree scan,automated inspection,cancellation_token
src/Services/Analytics/Analytics.Application/Features/PlatformAnalytics/GetCategoryPerformance/GetCategoryPerformanceQuery.cs,cs,6,c0c72d46c8b46597,C# included in project-tree scan,automated inspection,
src/Services/Analytics/Analytics.Application/Features/PlatformAnalytics/GetCategoryPerformance/GetCategoryPerformanceQueryHandler.cs,cs,16,93cc0f7a5c1aa765,C# included in project-tree scan,automated inspection,cancellation_token
src/Services/Analytics/Analytics.Application/Features/PlatformAnalytics/GetPlatformAnalytics/GetPlatformAnalyticsQuery.cs,cs,6,5a966eb95f4f8a5c,C# included in project-tree scan,automated inspection,
src/Services/Analytics/Analytics.Application/Features/PlatformAnalytics/GetPlatformAnalytics/GetPlatformAnalyticsQueryHandler.cs,cs,52,70bfeea32edd7cce,C# included in project-tree scan,automated inspection,parallel_work;cancellation_token;manual_time
src/Services/Analytics/Analytics.Application/Features/PlatformAnalytics/GetRealTimeStats/GetRealTimeStatsQuery.cs,cs,6,9a84d2d0e87f9d24,C# included in project-tree scan,automated inspection,
src/Services/Analytics/Analytics.Application/Features/PlatformAnalytics/GetRealTimeStats/GetRealTimeStatsQueryHandler.cs,cs,31,96d53f50c26ae228,C# included in project-tree scan,automated inspection,parallel_work;cancellation_token
src/Services/Analytics/Analytics.Application/Features/PlatformAnalytics/GetRevenueMetrics/GetRevenueMetricsQuery.cs,cs,6,2d2395daa374d56d,C# included in project-tree scan,automated inspection,
src/Services/Analytics/Analytics.Application/Features/PlatformAnalytics/GetRevenueMetrics/GetRevenueMetricsQueryHandler.cs,cs,16,325a7b582b50d483,C# included in project-tree scan,automated inspection,cancellation_token
src/Services/Analytics/Analytics.Application/Features/PlatformAnalytics/GetRevenueTrend/GetRevenueTrendQuery.cs,cs,6,bf9d91a3c4239f1c,C# included in project-tree scan,automated inspection,
src/Services/Analytics/Analytics.Application/Features/PlatformAnalytics/GetRevenueTrend/GetRevenueTrendQueryHandler.cs,cs,16,602c8827b91e91d9,C# included in project-tree scan,automated inspection,cancellation_token
src/Services/Analytics/Analytics.Application/Features/PlatformAnalytics/GetTopPerformers/GetTopPerformersQuery.cs,cs,6,cc2f0ffba9810321,C# included in project-tree scan,automated inspection,
src/Services/Analytics/Analytics.Application/Features/PlatformAnalytics/GetTopPerformers/GetTopPerformersQueryHandler.cs,cs,49,59e23a65230a91dd,C# included in project-tree scan,automated inspection,parallel_work;cancellation_token;manual_time
src/Services/Analytics/Analytics.Application/Features/PlatformSettings/BulkUpdateSettings/BulkUpdateSettingsCommand.cs,cs,7,45403108ad536a08,C# included in project-tree scan,automated inspection,
src/Services/Analytics/Analytics.Application/Features/PlatformSettings/BulkUpdateSettings/BulkUpdateSettingsCommandHandler.cs,cs,55,bc20e59a0f806243,C# included in project-tree scan,automated inspection,cancellation_token;manual_time
src/Services/Analytics/Analytics.Application/Features/PlatformSettings/CreateSetting/CreateSettingCommand.cs,cs,7,496a67f0301bc09b,C# included in project-tree scan,automated inspection,
src/Services/Analytics/Analytics.Application/Features/PlatformSettings/CreateSetting/CreateSettingCommandHandler.cs,cs,50,b3a8c82fe6a7c36a,C# included in project-tree scan,automated inspection,cancellation_token;manual_time
src/Services/Analytics/Analytics.Application/Features/PlatformSettings/DeleteSetting/DeleteSettingCommand.cs,cs,6,65f9e901e52ecc7d,C# included in project-tree scan,automated inspection,
src/Services/Analytics/Analytics.Application/Features/PlatformSettings/DeleteSetting/DeleteSettingCommandHandler.cs,cs,35,d65efb7366b3c0b6,C# included in project-tree scan,automated inspection,cancellation_token
src/Services/Analytics/Analytics.Application/Features/PlatformSettings/GetSettingById/GetSettingByIdQuery.cs,cs,7,2dd509985731dcbc,C# included in project-tree scan,automated inspection,
src/Services/Analytics/Analytics.Application/Features/PlatformSettings/GetSettingById/GetSettingByIdQueryHandler.cs,cs,27,238610571efcacba,C# included in project-tree scan,automated inspection,cancellation_token
src/Services/Analytics/Analytics.Application/Features/PlatformSettings/GetSettingByKey/GetSettingByKeyQuery.cs,cs,7,aa62cfebab9bacbe,C# included in project-tree scan,automated inspection,
src/Services/Analytics/Analytics.Application/Features/PlatformSettings/GetSettingByKey/GetSettingByKeyQueryHandler.cs,cs,27,a9ffc0728f35c8a2,C# included in project-tree scan,automated inspection,cancellation_token
src/Services/Analytics/Analytics.Application/Features/PlatformSettings/GetSettings/GetSettingsQuery.cs,cs,8,3c3a7860723164b0,C# included in project-tree scan,automated inspection,
src/Services/Analytics/Analytics.Application/Features/PlatformSettings/GetSettings/GetSettingsQueryHandler.cs,cs,34,3dabc5994a3f982c,C# included in project-tree scan,automated inspection,cancellation_token;query_materialization
src/Services/Analytics/Analytics.Application/Features/PlatformSettings/UpdateSetting/UpdateSettingCommand.cs,cs,7,fb43cf2ea50b55a4,C# included in project-tree scan,automated inspection,
src/Services/Analytics/Analytics.Application/Features/PlatformSettings/UpdateSetting/UpdateSettingCommandHandler.cs,cs,38,37292e9ffcd0fb33,C# included in project-tree scan,automated inspection,cancellation_token;manual_time
src/Services/Analytics/Analytics.Application/Features/Reports/CreateReport/CreateReportCommand.cs,cs,7,ee7dba39dbe46019,C# included in project-tree scan,automated inspection,
src/Services/Analytics/Analytics.Application/Features/Reports/CreateReport/CreateReportCommandHandler.cs,cs,64,81733cbf12e4851b,C# included in project-tree scan,automated inspection,ef_save;cancellation_token;manual_time
src/Services/Analytics/Analytics.Application/Features/Reports/DeleteReport/DeleteReportCommand.cs,cs,6,64235f7f3d26bcdf,C# included in project-tree scan,automated inspection,
src/Services/Analytics/Analytics.Application/Features/Reports/DeleteReport/DeleteReportCommandHandler.cs,cs,35,0fc5b49d53607560,C# included in project-tree scan,automated inspection,ef_save;cancellation_token
src/Services/Analytics/Analytics.Application/Features/Reports/GetReportById/GetReportByIdQuery.cs,cs,7,fbd975430fbcfd21,C# included in project-tree scan,automated inspection,
src/Services/Analytics/Analytics.Application/Features/Reports/GetReportById/GetReportByIdQueryHandler.cs,cs,27,cd6b610fd81545dc,C# included in project-tree scan,automated inspection,cancellation_token
src/Services/Analytics/Analytics.Application/Features/Reports/GetReportStats/GetReportStatsQuery.cs,cs,7,7dc21cec097b90be,C# included in project-tree scan,automated inspection,
src/Services/Analytics/Analytics.Application/Features/Reports/GetReportStats/GetReportStatsQueryHandler.cs,cs,22,c49225fc3fb73743,C# included in project-tree scan,automated inspection,cancellation_token
src/Services/Analytics/Analytics.Application/Features/Reports/GetReports/GetReportsQuery.cs,cs,7,12e003bf964c8f09,C# included in project-tree scan,automated inspection,
src/Services/Analytics/Analytics.Application/Features/Reports/GetReports/GetReportsQueryHandler.cs,cs,30,d9d38cd862a4cbe4,C# included in project-tree scan,automated inspection,cancellation_token
src/Services/Analytics/Analytics.Application/Features/Reports/UpdateReportStatus/UpdateReportStatusCommand.cs,cs,7,2909e0db5ddb23c3,C# included in project-tree scan,automated inspection,
src/Services/Analytics/Analytics.Application/Features/Reports/UpdateReportStatus/UpdateReportStatusCommandHandler.cs,cs,46,0b30a8f9481e154c,C# included in project-tree scan,automated inspection,ef_save;cancellation_token;manual_time
src/Services/Analytics/Analytics.Application/Features/UserAnalytics/GetQuickStats/GetQuickStatsQuery.cs,cs,6,0251239f72c98396,C# included in project-tree scan,automated inspection,
src/Services/Analytics/Analytics.Application/Features/UserAnalytics/GetQuickStats/GetQuickStatsQueryHandler.cs,cs,30,a44387b674396da8,C# included in project-tree scan,automated inspection,cancellation_token
src/Services/Analytics/Analytics.Application/Features/UserAnalytics/GetSellerAnalytics/GetSellerAnalyticsQuery.cs,cs,6,aac09d676e97a616,C# included in project-tree scan,automated inspection,
src/Services/Analytics/Analytics.Application/Features/UserAnalytics/GetSellerAnalytics/GetSellerAnalyticsQueryHandler.cs,cs,59,15aba4d5e700cdfe,C# included in project-tree scan,automated inspection,parallel_work;cancellation_token;query_materialization
src/Services/Analytics/Analytics.Application/Features/UserAnalytics/GetTrendingSearches/GetTrendingSearchesQuery.cs,cs,6,f82a77e4c4029db6,C# included in project-tree scan,automated inspection,
src/Services/Analytics/Analytics.Application/Features/UserAnalytics/GetTrendingSearches/GetTrendingSearchesQueryHandler.cs,cs,36,34fdfc4302b129fb,C# included in project-tree scan,automated inspection,cancellation_token;manual_time;query_materialization
src/Services/Analytics/Analytics.Application/Features/UserAnalytics/GetUserDashboardStats/GetUserDashboardStatsQuery.cs,cs,6,59d3bf724b10b120,C# included in project-tree scan,automated inspection,
src/Services/Analytics/Analytics.Application/Features/UserAnalytics/GetUserDashboardStats/GetUserDashboardStatsQueryHandler.cs,cs,45,aa4662bd0490d6a6,C# included in project-tree scan,automated inspection,parallel_work;cancellation_token
src/Services/Analytics/Analytics.Application/Helpers/AnalyticsHelper.cs,cs,36,82c109b927929f73,C# included in project-tree scan,automated inspection,manual_time
src/Services/Analytics/Analytics.Application/Interfaces/IAuditLogRepository.cs,cs,29,4d59ccf89914859c,C# included in project-tree scan,automated inspection,enumerable_input;cancellation_token
src/Services/Analytics/Analytics.Application/Interfaces/IDailyStatsRepository.cs,cs,26,f1b84730cd262126,C# included in project-tree scan,automated inspection,cancellation_token
src/Services/Analytics/Analytics.Application/Interfaces/IFactAuctionRepository.cs,cs,70,ab833643e26e3154,C# included in project-tree scan,automated inspection,cancellation_token
src/Services/Analytics/Analytics.Application/Interfaces/IFactBidRepository.cs,cs,23,7f24ca367b1ffcf6,C# included in project-tree scan,automated inspection,cancellation_token
src/Services/Analytics/Analytics.Application/Interfaces/IFactPaymentRepository.cs,cs,26,80c1af708eed2233,C# included in project-tree scan,automated inspection,cancellation_token
src/Services/Analytics/Analytics.Application/Interfaces/IPlatformSettingRepository.cs,cs,17,33f73063ccd1c0de,C# included in project-tree scan,automated inspection,cancellation_token
src/Services/Analytics/Analytics.Application/Interfaces/IReportRepository.cs,cs,22,0b6a72bcfd40498f,C# included in project-tree scan,automated inspection,cancellation_token
src/Services/Analytics/Analytics.Application/Mappers/AnalyticsMappers.cs,cs,79,437c02b12d3cf7e2,C# included in project-tree scan,automated inspection,enumerable_input;query_materialization
src/Services/Analytics/Analytics.Application/Validators/CreateReportDtoValidator.cs,cs,44,5ffe38273cc1acfd,C# included in project-tree scan,automated inspection,
src/Services/Analytics/Analytics.Application/Validators/SettingValidators.cs,cs,54,eadb8298bb8da91d,C# included in project-tree scan,automated inspection,
src/Services/Analytics/Analytics.Domain/Analytics.Domain.csproj,csproj,13,65ccc237b15cc763,xml parsed,automated inspection,
src/Services/Analytics/Analytics.Domain/Constants/AnalyticsConstants.cs,cs,133,add8c30720e1c973,C# included in project-tree scan,automated inspection,
src/Services/Analytics/Analytics.Domain/Entities/AuditLog.cs,cs,33,5756ade28756f0b5,C# included in project-tree scan,automated inspection,manual_time
src/Services/Analytics/Analytics.Domain/Entities/DailyAuctionStats.cs,cs,43,cf64d2913df551c7,C# included in project-tree scan,automated inspection,
src/Services/Analytics/Analytics.Domain/Entities/DailyBidStats.cs,cs,33,c7dd6916e9326644,C# included in project-tree scan,automated inspection,
src/Services/Analytics/Analytics.Domain/Entities/DailyRevenueStats.cs,cs,37,01ed67176c2f0994,C# included in project-tree scan,automated inspection,
src/Services/Analytics/Analytics.Domain/Entities/FactAuction.cs,cs,51,1b0e3cb0f6c877b5,C# included in project-tree scan,automated inspection,
src/Services/Analytics/Analytics.Domain/Entities/FactBid.cs,cs,24,a06201e33a01d65c,C# included in project-tree scan,automated inspection,
src/Services/Analytics/Analytics.Domain/Entities/FactPayment.cs,cs,39,1cf1cb24bf419b2f,C# included in project-tree scan,automated inspection,
src/Services/Analytics/Analytics.Domain/Entities/FactUser.cs,cs,19,4a8e5dd544f30cba,C# included in project-tree scan,automated inspection,
src/Services/Analytics/Analytics.Domain/Entities/PlatformSetting.cs,cs,23,7457a6762dc5d97d,C# included in project-tree scan,automated inspection,manual_time
src/Services/Analytics/Analytics.Domain/Entities/Report.cs,cs,23,db96045f62ab60f5,C# included in project-tree scan,automated inspection,manual_time
src/Services/Analytics/Analytics.Domain/Enums/AuditAction.cs,cs,10,ec6f170dcc928142,C# included in project-tree scan,automated inspection,
src/Services/Analytics/Analytics.Domain/Enums/ReportPriority.cs,cs,9,96e9c4fe9b9a70c2,C# included in project-tree scan,automated inspection,
src/Services/Analytics/Analytics.Domain/Enums/ReportStatus.cs,cs,9,6db0d19ce3ee9657,C# included in project-tree scan,automated inspection,
src/Services/Analytics/Analytics.Domain/Enums/ReportType.cs,cs,12,4248f064bca6c5db,C# included in project-tree scan,automated inspection,
src/Services/Analytics/Analytics.Domain/Enums/SettingCategory.cs,cs,10,7eec44d987f3b5eb,C# included in project-tree scan,automated inspection,
src/Services/Analytics/Analytics.Infrastructure/Analytics.Infrastructure.csproj,csproj,30,7d82e7a2ea237510,xml parsed,automated inspection,
src/Services/Analytics/Analytics.Infrastructure/Messaging/Consumers/AuctionAnalyticsConsumers.cs,cs,260,89c7be9eb4abf319,C# included in project-tree scan,automated inspection,ef_save;cancellation_token;manual_time
src/Services/Analytics/Analytics.Infrastructure/Messaging/Consumers/AuditEventConsumer.cs,cs,76,99414a47fe9652ef,C# included in project-tree scan,automated inspection,ef_save;cancellation_token;manual_time
src/Services/Analytics/Analytics.Infrastructure/Messaging/Consumers/BidAcceptedAnalyticsConsumer.cs,cs,49,74a0e44580140f6e,C# included in project-tree scan,automated inspection,ef_save;cancellation_token;manual_time
src/Services/Analytics/Analytics.Infrastructure/Messaging/Consumers/BidPlacedAnalyticsConsumer.cs,cs,64,41d6a4bd38bb4bf7,C# included in project-tree scan,automated inspection,ef_save;cancellation_token;manual_time
src/Services/Analytics/Analytics.Infrastructure/Messaging/Consumers/BidPlacedBatchConsumer.cs,cs,82,c803f85ec600e121,C# included in project-tree scan,automated inspection,ef_save;cancellation_token;manual_time;query_materialization
src/Services/Analytics/Analytics.Infrastructure/Messaging/Consumers/BidRejectedAnalyticsConsumer.cs,cs,49,eeab2059010432c0,C# included in project-tree scan,automated inspection,ef_save;cancellation_token;manual_time
src/Services/Analytics/Analytics.Infrastructure/Messaging/Consumers/BidRetractedAnalyticsConsumer.cs,cs,49,87cd738f81e25fdf,C# included in project-tree scan,automated inspection,ef_save;cancellation_token;manual_time
src/Services/Analytics/Analytics.Infrastructure/Messaging/Consumers/BidStatusAnalyticsConsumers.cs,cs,88,46ffb3ce77f00190,C# included in project-tree scan,automated inspection,ef_save;cancellation_token;manual_time
src/Services/Analytics/Analytics.Infrastructure/Messaging/Consumers/HighestBidUpdatedAnalyticsConsumer.cs,cs,59,779b0e10847eb180,C# included in project-tree scan,automated inspection,ef_save;cancellation_token;manual_time
src/Services/Analytics/Analytics.Infrastructure/Messaging/Consumers/OrderCreatedAnalyticsConsumer.cs,cs,65,7ecec700ec434de4,C# included in project-tree scan,automated inspection,ef_save;cancellation_token;manual_time
src/Services/Analytics/Analytics.Infrastructure/Messaging/Consumers/OrderDeliveredAnalyticsConsumer.cs,cs,62,4c6f1c35e91155a7,C# included in project-tree scan,automated inspection,ef_save;cancellation_token;manual_time
src/Services/Analytics/Analytics.Infrastructure/Messaging/Consumers/OrderShippedAnalyticsConsumer.cs,cs,62,9ba9682e2af7a47a,C# included in project-tree scan,automated inspection,ef_save;cancellation_token;manual_time
src/Services/Analytics/Analytics.Infrastructure/Messaging/Consumers/OutbidAnalyticsConsumer.cs,cs,40,b6b22b755fdebdc8,C# included in project-tree scan,automated inspection,async_ef_query;ef_save;cancellation_token
src/Services/Analytics/Analytics.Infrastructure/Messaging/Consumers/PaymentCompletedAnalyticsConsumer.cs,cs,77,eae05aaa8121cd6d,C# included in project-tree scan,automated inspection,ef_save;cancellation_token;manual_time
src/Services/Analytics/Analytics.Infrastructure/Messaging/Consumers/UserCreatedAnalyticsConsumer.cs,cs,65,053e4528bf6aa8e6,C# included in project-tree scan,automated inspection,ef_save;cancellation_token;manual_time
src/Services/Analytics/Analytics.Infrastructure/Persistence/AnalyticsDbContext.cs,cs,51,52ea68fc5d16da9a,C# included in project-tree scan,automated inspection,
src/Services/Analytics/Analytics.Infrastructure/Persistence/AnalyticsDbContextFactory.cs,cs,16,5350d14081e8294a,C# included in project-tree scan,automated inspection,
src/Services/Analytics/Analytics.Infrastructure/Persistence/Configurations/AggregationViewsConfiguration.cs,cs,87,37ab2a1ce12e3fe6,C# included in project-tree scan,automated inspection,
src/Services/Analytics/Analytics.Infrastructure/Persistence/Configurations/AuditLogConfiguration.cs,cs,42,1e9d4b0707091fbb,C# included in project-tree scan,automated inspection,
src/Services/Analytics/Analytics.Infrastructure/Persistence/Configurations/FactAuctionConfiguration.cs,cs,51,071948687bd8f8dc,C# included in project-tree scan,automated inspection,
src/Services/Analytics/Analytics.Infrastructure/Persistence/Configurations/FactBidConfiguration.cs,cs,41,c1ec806920dfc6ab,C# included in project-tree scan,automated inspection,
src/Services/Analytics/Analytics.Infrastructure/Persistence/Configurations/FactPaymentConfiguration.cs,cs,48,3ea1921aa8f9f145,C# included in project-tree scan,automated inspection,
src/Services/Analytics/Analytics.Infrastructure/Persistence/Configurations/FactUserConfiguration.cs,cs,33,6650342a41390322,C# included in project-tree scan,automated inspection,
src/Services/Analytics/Analytics.Infrastructure/Persistence/Configurations/PlatformSettingConfiguration.cs,cs,39,9b8af2de877c4da9,C# included in project-tree scan,automated inspection,
src/Services/Analytics/Analytics.Infrastructure/Persistence/Configurations/ReportConfiguration.cs,cs,44,ce22e6fe4391d739,C# included in project-tree scan,automated inspection,
src/Services/Analytics/Analytics.Infrastructure/Persistence/Migrations/20260730153520_InitialCreate.Designer.cs,cs,925,2828634357d8bc0b,C# included in project-tree scan,automated inspection,
src/Services/Analytics/Analytics.Infrastructure/Persistence/Migrations/20260730153520_InitialCreate.cs,cs,636,c11d1a978324b6b9,C# included in project-tree scan,automated inspection,
src/Services/Analytics/Analytics.Infrastructure/Persistence/Migrations/AnalyticsDbContextModelSnapshot.cs,cs,922,fc00348d8dcae62d,C# included in project-tree scan,automated inspection,
src/Services/Analytics/Analytics.Infrastructure/Repositories/AuditLogRepository.cs,cs,117,bf42eeca8865c8d7,C# included in project-tree scan,automated inspection,async_ef_query;enumerable_input;cancellation_token;suppressed_nullable;query_materialization
src/Services/Analytics/Analytics.Infrastructure/Repositories/DailyStatsRepository.cs,cs,146,31bd63b2e931f373,C# included in project-tree scan,automated inspection,parallel_work;async_ef_query;cancellation_token;query_materialization
src/Services/Analytics/Analytics.Infrastructure/Repositories/FactAuctionRepository.cs,cs,316,a0bcbfa54df205cc,C# included in project-tree scan,focused manual inspection,async_ef_query;cancellation_token;suppressed_nullable;query_materialization
src/Services/Analytics/Analytics.Infrastructure/Repositories/FactBidRepository.cs,cs,82,cb0d3e79238e1226,C# included in project-tree scan,automated inspection,async_ef_query;cancellation_token;manual_time;query_materialization
src/Services/Analytics/Analytics.Infrastructure/Repositories/FactPaymentRepository.cs,cs,136,a002039acacbf816,C# included in project-tree scan,automated inspection,async_ef_query;cancellation_token;manual_time;query_materialization
src/Services/Analytics/Analytics.Infrastructure/Repositories/PlatformSettingRepository.cs,cs,89,f0dc00bd44ea0f01,C# included in project-tree scan,automated inspection,async_ef_query;ef_save;cancellation_token;query_materialization
src/Services/Analytics/Analytics.Infrastructure/Repositories/ReportRepository.cs,cs,150,3f8fbb5773aacc68,C# included in project-tree scan,automated inspection,async_ef_query;ef_save;cancellation_token;manual_time;suppressed_nullable;query_materialization
src/Services/Analytics/Analytics.Infrastructure/Repositories/UnitOfWork.cs,cs,22,43609932d54fa3c5,C# included in project-tree scan,automated inspection,
src/Services/Analytics/tests/Analytics.Application.Tests/Analytics.Application.Tests.csproj,csproj,15,e7d4eb993d645aec,xml parsed,automated inspection,
src/Services/Analytics/tests/Analytics.Application.Tests/AssemblyReferenceTests.cs,cs,16,17a5a65c2c3dda9f,C# included in project-tree scan,automated inspection,
src/Services/Analytics/tests/Analytics.Domain.Tests/Analytics.Domain.Tests.csproj,csproj,15,2f2b3c358881269b,xml parsed,automated inspection,
src/Services/Analytics/tests/Analytics.Domain.Tests/AssemblyReferenceTests.cs,cs,16,32242056d7f7028b,C# included in project-tree scan,automated inspection,
src/Services/Auction/Auction.Api/.dockerignore,other,34,9c4fbbab1e7929fa,scanned,automated inspection,
src/Services/Auction/Auction.Api/Auction.Api.csproj,csproj,51,58305f2380c11ed3,xml parsed,automated inspection,
src/Services/Auction/Auction.Api/Dockerfile,Dockerfile,63,ad5f5939f7e5fe41,Dockerfile FROM present,automated inspection,
src/Services/Auction/Auction.Api/Endpoints/Auctions/AuctionBulkOperationEndpoints.cs,cs,115,621b1af2ca858ead,C# included in project-tree scan,automated inspection,cancellation_token;http_routes;authorization;suppressed_nullable;query_materialization
src/Services/Auction/Auction.Api/Endpoints/Auctions/AuctionCrudEndpoints.cs,cs,263,61ca6ac2b2f34069,C# included in project-tree scan,automated inspection,cancellation_token;http_routes;authorization;suppressed_nullable;query_materialization
src/Services/Auction/Auction.Api/Endpoints/Auctions/AuctionQueryEndpoints.cs,cs,148,351bdfb8c71c9559,C# included in project-tree scan,automated inspection,cancellation_token;http_routes;authorization;suppressed_nullable;query_materialization
src/Services/Auction/Auction.Api/Endpoints/Bookmarks/BookmarkEndpoints.cs,cs,199,7ff60e59e4f6e565,C# included in project-tree scan,automated inspection,cancellation_token;http_routes;authorization;suppressed_nullable
src/Services/Auction/Auction.Api/Endpoints/Reviews/ReviewEndpoints.cs,cs,164,9c5b20383d17753f,C# included in project-tree scan,automated inspection,cancellation_token;http_routes;authorization;suppressed_nullable
src/Services/Auction/Auction.Api/Extensions/DependencyInjection/ServiceExtensions.cs,cs,85,510fcf27c63960d9,C# included in project-tree scan,automated inspection,
src/Services/Auction/Auction.Api/Extensions/Mappings/AuctionMappingExtensions.cs,cs,29,a3a0c32671797eb8,C# included in project-tree scan,automated inspection,enumerable_input;query_materialization
src/Services/Auction/Auction.Api/Extensions/Mappings/BookmarkMappingExtensions.cs,cs,29,e9c33693efab0203,C# included in project-tree scan,automated inspection,enumerable_input;query_materialization
src/Services/Auction/Auction.Api/Extensions/Mappings/ReviewMappingExtensions.cs,cs,29,f02ac6779e851254,C# included in project-tree scan,automated inspection,enumerable_input;query_materialization
src/Services/Auction/Auction.Api/GlobalUsings.cs,cs,24,7472dc32e15b125b,C# included in project-tree scan,automated inspection,
src/Services/Auction/Auction.Api/Grpc/AuctionGrpcService.cs,cs,18,3fddcc5a61de4068,C# included in project-tree scan,automated inspection,
src/Services/Auction/Auction.Api/Grpc/AuctionValidationGrpcService.cs,cs,179,3269e4604a114e8c,C# included in project-tree scan,automated inspection,cancellation_token;manual_time
src/Services/Auction/Auction.Api/Program.cs,cs,100,1bf45f099db972bd,C# included in project-tree scan,automated inspection,
src/Services/Auction/Auction.Api/Properties/launchSettings.json,json,13,11f4f28d88a11c7d,json parsed,automated inspection,
src/Services/Auction/Auction.Api/appsettings.Production.json,json,32,4f340d10c7fbb453,json parsed,automated inspection,
src/Services/Auction/Auction.Api/appsettings.json,json,63,2bd37df9fdc50786,json parsed,automated inspection,configuration_secret_field
src/Services/Auction/Auction.Application/Auction.Application.csproj,csproj,23,9555316269e38b04,xml parsed,automated inspection,
src/Services/Auction/Auction.Application/DTOs/AuctionFilterDto.cs,cs,15,a47f4949b39aacdc,C# included in project-tree scan,automated inspection,
src/Services/Auction/Auction.Application/DTOs/Auctions/AuctionDto.cs,cs,49,2d0cbbcae19f87da,C# included in project-tree scan,automated inspection,
src/Services/Auction/Auction.Application/DTOs/Auctions/BuyNowDto.cs,cs,22,9709b2878d38719a,C# included in project-tree scan,automated inspection,
src/Services/Auction/Auction.Application/DTOs/Auctions/CancelAuctionDto.cs,cs,10,b837c3705bfc5d22,C# included in project-tree scan,automated inspection,
src/Services/Auction/Auction.Application/DTOs/Auctions/CreateAuctionWithFileIdsDto.cs,cs,49,d786386c8f98cc8e,C# included in project-tree scan,automated inspection,
src/Services/Auction/Auction.Application/DTOs/Auctions/ExportAuctionRow.cs,cs,15,b621974674713316,C# included in project-tree scan,automated inspection,
src/Services/Auction/Auction.Application/DTOs/Auctions/ExtendAuctionDto.cs,cs,16,cc1668e1cad60857,C# included in project-tree scan,automated inspection,
src/Services/Auction/Auction.Application/DTOs/Auctions/GetAuctionsRequest.cs,cs,18,2101225600e702e4,C# included in project-tree scan,automated inspection,
src/Services/Auction/Auction.Application/DTOs/Auctions/GetMyAuctionsRequest.cs,cs,19,4faa162219196ad9,C# included in project-tree scan,automated inspection,
src/Services/Auction/Auction.Application/DTOs/Auctions/UpdateAuctionDto.cs,cs,33,53968e4a838d127e,C# included in project-tree scan,automated inspection,
src/Services/Auction/Auction.Application/DTOs/Audit/AuctionAuditData.cs,cs,57,67dbdbcfe522b160,C# included in project-tree scan,automated inspection,
src/Services/Auction/Auction.Application/DTOs/Audit/AuctionAuditMetadata.cs,cs,71,f97c143afda9d8f5,C# included in project-tree scan,automated inspection,
src/Services/Auction/Auction.Application/DTOs/Bookmarks/BookmarkDto.cs,cs,31,0284d2950b319ca3,C# included in project-tree scan,automated inspection,
src/Services/Auction/Auction.Application/DTOs/Reviews/ReviewDto.cs,cs,42,f8f7c9cd74811b16,C# included in project-tree scan,automated inspection,
src/Services/Auction/Auction.Application/DTOs/Stats/TrendingSearchDto.cs,cs,12,548117ecfc6bc8c5,C# included in project-tree scan,automated inspection,
src/Services/Auction/Auction.Application/Enums/ExportFormat.cs,cs,7,9f7feb105a1c4e9b,C# included in project-tree scan,automated inspection,
src/Services/Auction/Auction.Application/Errors/AuctionErrors.cs,cs,64,d4293106ed2f8d37,C# included in project-tree scan,automated inspection,
src/Services/Auction/Auction.Application/EventHandlers/AuctionCreatedDomainEventHandler.cs,cs,45,9e316b854d9b783a,C# included in project-tree scan,automated inspection,cancellation_token;external_call
src/Services/Auction/Auction.Application/EventHandlers/AuctionDeletedDomainEventHandler.cs,cs,34,354e302ea773c0cb,C# included in project-tree scan,automated inspection,cancellation_token;external_call
src/Services/Auction/Auction.Application/EventHandlers/AuctionExtendedDomainEventHandler.cs,cs,40,4dc404280b3b67ab,C# included in project-tree scan,automated inspection,cancellation_token;external_call
src/Services/Auction/Auction.Application/EventHandlers/AuctionFinishedDomainEventHandler.cs,cs,42,495c809c51534769,C# included in project-tree scan,automated inspection,cancellation_token;external_call
src/Services/Auction/Auction.Application/EventHandlers/AuctionHighBidUpdatedDomainEventHandler.cs,cs,38,5f2420e5617c8acc,C# included in project-tree scan,automated inspection,cancellation_token;external_call
src/Services/Auction/Auction.Application/EventHandlers/AuctionStatusChangedDomainEventHandler.cs,cs,50,ef66344bb1b7e832,C# included in project-tree scan,automated inspection,cancellation_token;external_call
src/Services/Auction/Auction.Application/EventHandlers/AuctionUpdatedDomainEventHandler.cs,cs,36,e52bf4a2e2400d46,C# included in project-tree scan,automated inspection,cancellation_token;external_call
src/Services/Auction/Auction.Application/EventHandlers/BuyNowExecutedDomainEventHandler.cs,cs,40,300a6da3810b7fe3,C# included in project-tree scan,automated inspection,cancellation_token;external_call
src/Services/Auction/Auction.Application/Features/Auctions/ActivateAuction/ActivateAuctionCommand.cs,cs,5,dbe118436ffbb638,C# included in project-tree scan,automated inspection,
src/Services/Auction/Auction.Application/Features/Auctions/ActivateAuction/ActivateAuctionCommandHandler.cs,cs,85,07a039aff7d6c83d,C# included in project-tree scan,automated inspection,ef_save;cancellation_token;external_call
src/Services/Auction/Auction.Application/Features/Auctions/ActivateAuction/ActivateAuctionCommandValidator.cs,cs,15,a0d2e435b8c200b1,C# included in project-tree scan,automated inspection,
src/Services/Auction/Auction.Application/Features/Auctions/BulkUpdateAuctions/BulkUpdateAuctionsCommand.cs,cs,8,f29853884b834241,C# included in project-tree scan,automated inspection,
src/Services/Auction/Auction.Application/Features/Auctions/BulkUpdateAuctions/BulkUpdateAuctionsCommandHandler.cs,cs,93,491ef6f2488f6642,C# included in project-tree scan,automated inspection,ef_save;cancellation_token
src/Services/Auction/Auction.Application/Features/Auctions/BulkUpdateAuctions/BulkUpdateAuctionsCommandValidator.cs,cs,28,a68c4dc38cd1c18f,C# included in project-tree scan,automated inspection,
src/Services/Auction/Auction.Application/Features/Auctions/BuyNow/BuyNowCommand.cs,cs,9,3e42fbb46f2e1c6a,C# included in project-tree scan,automated inspection,
src/Services/Auction/Auction.Application/Features/Auctions/BuyNow/BuyNowCommandHandler.cs,cs,115,8e0f302b8cd4abcb,C# included in project-tree scan,automated inspection,ef_save;cancellation_token;suppressed_nullable;external_call
src/Services/Auction/Auction.Application/Features/Auctions/BuyNow/BuyNowCommandValidator.cs,cs,22,34914d44e7d68da5,C# included in project-tree scan,automated inspection,
src/Services/Auction/Auction.Application/Features/Auctions/CancelAuction/CancelAuctionCommand.cs,cs,7,83ad1e70d869b993,C# included in project-tree scan,automated inspection,
src/Services/Auction/Auction.Application/Features/Auctions/CancelAuction/CancelAuctionCommandHandler.cs,cs,70,cb23629cbc333e75,C# included in project-tree scan,automated inspection,ef_save;cancellation_token;external_call
src/Services/Auction/Auction.Application/Features/Auctions/CancelAuction/CancelAuctionCommandValidator.cs,cs,24,c22ee7393e82fe31,C# included in project-tree scan,automated inspection,
src/Services/Auction/Auction.Application/Features/Auctions/CreateAuction/CreateAuctionCommand.cs,cs,28,69b5d62bcc710aec,C# included in project-tree scan,automated inspection,
src/Services/Auction/Auction.Application/Features/Auctions/CreateAuction/CreateAuctionCommandHandler.cs,cs,130,cea14935d0b12be8,C# included in project-tree scan,automated inspection,ef_save;cancellation_token;external_call
src/Services/Auction/Auction.Application/Features/Auctions/CreateAuction/CreateAuctionCommandValidator.cs,cs,58,00063e4894056c1a,C# included in project-tree scan,automated inspection,manual_time
src/Services/Auction/Auction.Application/Features/Auctions/DeactivateAuction/DeactivateAuctionCommand.cs,cs,8,3f96665a5cf99e86,C# included in project-tree scan,automated inspection,
src/Services/Auction/Auction.Application/Features/Auctions/DeactivateAuction/DeactivateAuctionCommandHandler.cs,cs,77,af82ad7e5782445d,C# included in project-tree scan,automated inspection,ef_save;cancellation_token;external_call
src/Services/Auction/Auction.Application/Features/Auctions/DeactivateAuction/DeactivateAuctionCommandValidator.cs,cs,20,63a91451c740aa94,C# included in project-tree scan,automated inspection,
src/Services/Auction/Auction.Application/Features/Auctions/DeleteAuction/DeleteAuctionCommand.cs,cs,3,426ff4816ccb54aa,C# included in project-tree scan,automated inspection,
src/Services/Auction/Auction.Application/Features/Auctions/DeleteAuction/DeleteAuctionCommandHandler.cs,cs,64,17ae4587e4db0da7,C# included in project-tree scan,automated inspection,ef_save;cancellation_token;external_call
src/Services/Auction/Auction.Application/Features/Auctions/DeleteAuction/DeleteAuctionCommandValidator.cs,cs,14,8b847c02aadef8dd,C# included in project-tree scan,automated inspection,
src/Services/Auction/Auction.Application/Features/Auctions/ExportAuctions/CsvReportExporter.cs,cs,59,f09e8e608f8a79e7,C# included in project-tree scan,automated inspection,
src/Services/Auction/Auction.Application/Features/Auctions/ExportAuctions/ExportAuctionsCommand.cs,cs,17,9fd7bec360471ec4,C# included in project-tree scan,automated inspection,
src/Services/Auction/Auction.Application/Features/Auctions/ExportAuctions/ExportAuctionsCommandHandler.cs,cs,87,0fe3a7b545ca8e7c,C# included in project-tree scan,automated inspection,enumerable_input;cancellation_token;query_materialization
src/Services/Auction/Auction.Application/Features/Auctions/ExportAuctions/ExportAuctionsCommandValidator.cs,cs,27,ec74c85a84635396,C# included in project-tree scan,automated inspection,suppressed_nullable
src/Services/Auction/Auction.Application/Features/Auctions/ExportAuctions/JsonReportExporter.cs,cs,40,37832e2654ff688e,C# included in project-tree scan,automated inspection,manual_time
src/Services/Auction/Auction.Application/Features/Auctions/ExtendAuction/ExtendAuctionCommand.cs,cs,7,bd9d2265aa60dbca,C# included in project-tree scan,automated inspection,
src/Services/Auction/Auction.Application/Features/Auctions/ExtendAuction/ExtendAuctionCommandHandler.cs,cs,77,4231b81da9a6a1fc,C# included in project-tree scan,automated inspection,ef_save;cancellation_token;external_call
src/Services/Auction/Auction.Application/Features/Auctions/ExtendAuction/ExtendAuctionCommandValidator.cs,cs,25,03840c5835019d12,C# included in project-tree scan,automated inspection,
src/Services/Auction/Auction.Application/Features/Auctions/GetAuctionById/GetAuctionByIdQuery.cs,cs,5,856d7a7b054c2f0c,C# included in project-tree scan,automated inspection,
src/Services/Auction/Auction.Application/Features/Auctions/GetAuctionById/GetAuctionByIdQueryHandler.cs,cs,39,472b7cd6b0928953,C# included in project-tree scan,automated inspection,cancellation_token
src/Services/Auction/Auction.Application/Features/Auctions/GetAuctions/GetAuctionsQuery.cs,cs,18,5c9d5c329ac3c475,C# included in project-tree scan,automated inspection,
src/Services/Auction/Auction.Application/Features/Auctions/GetAuctions/GetAuctionsQueryHandler.cs,cs,50,a7ec7930e5b58ee8,C# included in project-tree scan,automated inspection,cancellation_token
src/Services/Auction/Auction.Application/Features/Auctions/GetAuctionsByIds/GetAuctionsByIdsQuery.cs,cs,5,8ee65c8f84edbb5a,C# included in project-tree scan,automated inspection,enumerable_input
src/Services/Auction/Auction.Application/Features/Auctions/GetAuctionsByIds/GetAuctionsByIdsQueryHandler.cs,cs,38,2df0a0d1f690868d,C# included in project-tree scan,automated inspection,enumerable_input;cancellation_token;query_materialization
src/Services/Auction/Auction.Application/Features/Auctions/GetMyAuctions/GetMyAuctionsQuery.cs,cs,15,e8c398aea2f823a2,C# included in project-tree scan,automated inspection,
src/Services/Auction/Auction.Application/Features/Auctions/GetMyAuctions/GetMyAuctionsQueryHandler.cs,cs,48,d2e0e12863b9ea76,C# included in project-tree scan,automated inspection,cancellation_token
src/Services/Auction/Auction.Application/Features/Auctions/GetTrendingSearches/GetTrendingSearchesQuery.cs,cs,6,b9a6fc62c800e474,C# included in project-tree scan,automated inspection,
src/Services/Auction/Auction.Application/Features/Auctions/GetTrendingSearches/GetTrendingSearchesQueryHandler.cs,cs,33,b0691246a691fd98,C# included in project-tree scan,automated inspection,cancellation_token;query_materialization
src/Services/Auction/Auction.Application/Features/Auctions/ImportAuctions/ImportAuctionsCommand.cs,cs,34,6da13e5881349b1e,C# included in project-tree scan,automated inspection,
src/Services/Auction/Auction.Application/Features/Auctions/ImportAuctions/ImportAuctionsCommandHandler.cs,cs,276,df3df156d34916f2,C# included in project-tree scan,focused manual inspection,ef_save;cancellation_token;manual_time;query_materialization
src/Services/Auction/Auction.Application/Features/Auctions/ImportAuctions/ImportAuctionsCommandValidator.cs,cs,32,281c2d99147d08c2,C# included in project-tree scan,automated inspection,
src/Services/Auction/Auction.Application/Features/Auctions/ImportAuctions/ImportCheckpoint.cs,cs,8,bd9452f59dfd80f2,C# included in project-tree scan,automated inspection,
src/Services/Auction/Auction.Application/Features/Auctions/QueueAuctionExport/QueueAuctionExportCommand.cs,cs,12,d2b18d2120dbdf45,C# included in project-tree scan,automated inspection,
src/Services/Auction/Auction.Application/Features/Auctions/QueueAuctionExport/QueueAuctionExportCommandHandler.cs,cs,59,fffd44e74dc1c05f,C# included in project-tree scan,automated inspection,cancellation_token;manual_time;external_call
src/Services/Auction/Auction.Application/Features/Auctions/QueueAuctionExport/QueueAuctionExportCommandValidator.cs,cs,12,7a09a2fdfd3a471a,C# included in project-tree scan,automated inspection,
src/Services/Auction/Auction.Application/Features/Auctions/QueueAuctionImport/QueueAuctionImportCommand.cs,cs,22,5c5aba17d3fbf8b1,C# included in project-tree scan,automated inspection,
src/Services/Auction/Auction.Application/Features/Auctions/QueueAuctionImport/QueueAuctionImportCommandHandler.cs,cs,85,94aab025bcdf307e,C# included in project-tree scan,automated inspection,cancellation_token;query_materialization;external_call
src/Services/Auction/Auction.Application/Features/Auctions/QueueAuctionImport/QueueAuctionImportCommandValidator.cs,cs,26,8af7ba7255a0718a,C# included in project-tree scan,automated inspection,
src/Services/Auction/Auction.Application/Features/Auctions/QueueBulkUpdateAuctions/QueueBulkUpdateAuctionsCommand.cs,cs,9,dc2a70aad8e342fd,C# included in project-tree scan,automated inspection,
src/Services/Auction/Auction.Application/Features/Auctions/QueueBulkUpdateAuctions/QueueBulkUpdateAuctionsCommandHandler.cs,cs,50,eaf35bacfde4d41d,C# included in project-tree scan,automated inspection,cancellation_token;manual_time;external_call
src/Services/Auction/Auction.Application/Features/Auctions/QueueBulkUpdateAuctions/QueueBulkUpdateAuctionsCommandValidator.cs,cs,20,4ae097392966f7f2,C# included in project-tree scan,automated inspection,
src/Services/Auction/Auction.Application/Features/Auctions/UpdateAuction/UpdateAuctionCommand.cs,cs,17,ffaa8d2a64f3b56f,C# included in project-tree scan,automated inspection,
src/Services/Auction/Auction.Application/Features/Auctions/UpdateAuction/UpdateAuctionCommandHandler.cs,cs,155,21ec8ee4f2c3b5b1,C# included in project-tree scan,automated inspection,ef_save;cancellation_token;external_call
src/Services/Auction/Auction.Application/Features/Auctions/UpdateAuction/UpdateAuctionCommandValidator.cs,cs,66,e1bf2e869c193f28,C# included in project-tree scan,automated inspection,manual_time;suppressed_nullable
src/Services/Auction/Auction.Application/Features/Bookmarks/AddToWatchlist/AddToWatchlistCommand.cs,cs,11,31801e292588b66f,C# included in project-tree scan,automated inspection,
src/Services/Auction/Auction.Application/Features/Bookmarks/AddToWatchlist/AddToWatchlistCommandHandler.cs,cs,72,880620c2256d29a5,C# included in project-tree scan,automated inspection,ef_save;cancellation_token
src/Services/Auction/Auction.Application/Features/Bookmarks/GetBookmark/GetBookmarkQuery.cs,cs,6,e89be5cdb366d221,C# included in project-tree scan,automated inspection,
src/Services/Auction/Auction.Application/Features/Bookmarks/GetBookmark/GetBookmarkQueryHandler.cs,cs,50,ed32bcf4780ef9c1,C# included in project-tree scan,automated inspection,cancellation_token
src/Services/Auction/Auction.Application/Features/Bookmarks/GetWatchlist/GetWatchlistQuery.cs,cs,18,490960f8046130ab,C# included in project-tree scan,automated inspection,
src/Services/Auction/Auction.Application/Features/Bookmarks/GetWatchlist/GetWatchlistQueryHandler.cs,cs,57,b6a37f500342d154,C# included in project-tree scan,automated inspection,cancellation_token;query_materialization
src/Services/Auction/Auction.Application/Features/Bookmarks/GetWatchlistCount/GetWatchlistCountQuery.cs,cs,5,181c7512bc4a51c6,C# included in project-tree scan,automated inspection,
src/Services/Auction/Auction.Application/Features/Bookmarks/GetWatchlistCount/GetWatchlistCountQueryHandler.cs,cs,19,36b735a7a0ac49fd,C# included in project-tree scan,automated inspection,cancellation_token
src/Services/Auction/Auction.Application/Features/Bookmarks/IsInWatchlist/IsInWatchlistQuery.cs,cs,6,aeff3e4d2536847a,C# included in project-tree scan,automated inspection,
src/Services/Auction/Auction.Application/Features/Bookmarks/IsInWatchlist/IsInWatchlistQueryHandler.cs,cs,19,91f6177ca8a1d1d4,C# included in project-tree scan,automated inspection,cancellation_token
src/Services/Auction/Auction.Application/Features/Bookmarks/RemoveFromWatchlist/RemoveFromWatchlistCommand.cs,cs,8,e25af7f358c6803c,C# included in project-tree scan,automated inspection,
src/Services/Auction/Auction.Application/Features/Bookmarks/RemoveFromWatchlist/RemoveFromWatchlistCommandHandler.cs,cs,40,27e158eedbdc598a,C# included in project-tree scan,automated inspection,ef_save;cancellation_token
src/Services/Auction/Auction.Application/Features/Bookmarks/UpdateBookmarkNotifications/UpdateBookmarkNotificationsCommand.cs,cs,9,8af50a29ae0add9a,C# included in project-tree scan,automated inspection,
src/Services/Auction/Auction.Application/Features/Bookmarks/UpdateBookmarkNotifications/UpdateBookmarkNotificationsCommandHandler.cs,cs,36,cf0652a23c54d4d9,C# included in project-tree scan,automated inspection,ef_save;cancellation_token
src/Services/Auction/Auction.Application/Features/Reviews/AddSellerResponse/AddSellerResponseCommand.cs,cs,10,02e4cc5011985ada,C# included in project-tree scan,automated inspection,
src/Services/Auction/Auction.Application/Features/Reviews/AddSellerResponse/AddSellerResponseCommandHandler.cs,cs,51,2e9d9fea791b6168,C# included in project-tree scan,automated inspection,ef_save;cancellation_token
src/Services/Auction/Auction.Application/Features/Reviews/CreateReview/CreateReviewCommand.cs,cs,17,879af5fd6a33b305,C# included in project-tree scan,automated inspection,
src/Services/Auction/Auction.Application/Features/Reviews/CreateReview/CreateReviewCommandHandler.cs,cs,68,2d55d8dbce58bf11,C# included in project-tree scan,automated inspection,ef_save;cancellation_token
src/Services/Auction/Auction.Application/Features/Reviews/CreateReview/CreateReviewCommandValidator.cs,cs,48,7eafe6a4d9c2c7ee,C# included in project-tree scan,automated inspection,
src/Services/Auction/Auction.Application/Features/Reviews/GetReviewById/GetReviewByIdQuery.cs,cs,6,9aa7abc758fea6b1,C# included in project-tree scan,automated inspection,
src/Services/Auction/Auction.Application/Features/Reviews/GetReviewById/GetReviewByIdQueryHandler.cs,cs,41,c31897792e697c84,C# included in project-tree scan,automated inspection,cancellation_token
src/Services/Auction/Auction.Application/Features/Reviews/GetReviewsByUser/GetReviewsByUserQuery.cs,cs,20,2c7effd5711812dc,C# included in project-tree scan,automated inspection,
src/Services/Auction/Auction.Application/Features/Reviews/GetReviewsByUser/GetReviewsByUserQueryHandler.cs,cs,57,fe2ade1f9fddf049,C# included in project-tree scan,automated inspection,cancellation_token;query_materialization
src/Services/Auction/Auction.Application/Features/Reviews/GetReviewsForAuction/GetReviewsForAuctionQuery.cs,cs,19,aad57fe8d50a0c7d,C# included in project-tree scan,automated inspection,
src/Services/Auction/Auction.Application/Features/Reviews/GetReviewsForAuction/GetReviewsForAuctionQueryHandler.cs,cs,56,cbb9ddba6f0facc4,C# included in project-tree scan,automated inspection,cancellation_token;query_materialization
src/Services/Auction/Auction.Application/Features/Reviews/GetReviewsForUser/GetReviewsForUserQuery.cs,cs,20,7af2478029172ead,C# included in project-tree scan,automated inspection,
src/Services/Auction/Auction.Application/Features/Reviews/GetReviewsForUser/GetReviewsForUserQueryHandler.cs,cs,57,97f5ed58ea706153,C# included in project-tree scan,automated inspection,cancellation_token;query_materialization
src/Services/Auction/Auction.Application/Features/Reviews/GetUserRatingSummary/GetUserRatingSummaryQuery.cs,cs,6,b1b6e541a426e794,C# included in project-tree scan,automated inspection,
src/Services/Auction/Auction.Application/Features/Reviews/GetUserRatingSummary/GetUserRatingSummaryQueryHandler.cs,cs,29,8cdf45b0eec70a4d,C# included in project-tree scan,automated inspection,cancellation_token
src/Services/Auction/Auction.Application/Filtering/BookmarkFilter.cs,cs,15,be063000c7d1b1cb,C# included in project-tree scan,automated inspection,
src/Services/Auction/Auction.Application/Filtering/ReviewFilter.cs,cs,17,bf67de3e3391b461,C# included in project-tree scan,automated inspection,
src/Services/Auction/Auction.Application/GlobalUsings.cs,cs,21,de6f212d2345da07,C# included in project-tree scan,automated inspection,
src/Services/Auction/Auction.Application/Helpers/TimeHelper.cs,cs,11,23614fefdc80fb92,C# included in project-tree scan,automated inspection,
src/Services/Auction/Auction.Application/Interfaces/IAuctionBulkRepository.cs,cs,9,e8dc265c4d1940c8,C# included in project-tree scan,automated inspection,cancellation_token
src/Services/Auction/Auction.Application/Interfaces/IAuctionReadRepository.cs,cs,29,1e8a61b5fd6c3746,C# included in project-tree scan,automated inspection,enumerable_input;cancellation_token
src/Services/Auction/Auction.Application/Interfaces/IAuctionWriteRepository.cs,cs,12,7a084faa67250762,C# included in project-tree scan,automated inspection,cancellation_token
src/Services/Auction/Auction.Application/Interfaces/IBidFinalizationClient.cs,cs,10,4d3a1d836e9d5aa3,C# included in project-tree scan,automated inspection,cancellation_token
src/Services/Auction/Auction.Application/Interfaces/IBookmarkRepository.cs,cs,22,7c7e306686d17a9f,C# included in project-tree scan,automated inspection,cancellation_token
src/Services/Auction/Auction.Application/Interfaces/ICatalogGrpcClient.cs,cs,7,1a673929bdf08d9c,C# included in project-tree scan,automated inspection,cancellation_token
src/Services/Auction/Auction.Application/Interfaces/IImportCheckpointRepository.cs,cs,18,bf5dc676e95026bd,C# included in project-tree scan,automated inspection,cancellation_token
src/Services/Auction/Auction.Application/Interfaces/IReportExporter.cs,cs,12,27a37a004b4f36ee,C# included in project-tree scan,automated inspection,
src/Services/Auction/Auction.Application/Interfaces/IReviewRepository.cs,cs,15,9f832a6572c56dce,C# included in project-tree scan,automated inspection,cancellation_token
src/Services/Auction/Auction.Application/Mappings/AuctionMappingProfile.cs,cs,51,efe76c600ff1d691,C# included in project-tree scan,automated inspection,
src/Services/Auction/Auction.Application/Mappings/ReviewMappingProfile.cs,cs,13,7894666b060c47f9,C# included in project-tree scan,automated inspection,
src/Services/Auction/Auction.Application/Predicates/AuctionPredicates.cs,cs,36,20f36d721419c029,C# included in project-tree scan,automated inspection,
src/Services/Auction/Auction.Application/Resources/AuctionResources.cs,cs,3,ca4345c7dc43c198,C# included in project-tree scan,automated inspection,
src/Services/Auction/Auction.Application/Resources/AuctionResources.ja-JP.resx,resx,78,4b480ba383b67b1d,xml parsed,automated inspection,
src/Services/Auction/Auction.Application/Resources/AuctionResources.resx,resx,78,ee53fd0ee336c1c6,xml parsed,automated inspection,
src/Services/Auction/Auction.Application/Services/PaginatedAuctionQueryService.cs,cs,35,83e78946f4dcce8e,C# included in project-tree scan,automated inspection,cancellation_token;query_materialization
src/Services/Auction/Auction.Contracts/AuctionService.Contracts.csproj,csproj,36,a126ed982cbcda73,xml parsed,automated inspection,
src/Services/Auction/Auction.Contracts/Commands/ImportAuctionItemPayload.cs,cs,16,2750fff62b617387,C# included in project-tree scan,automated inspection,
src/Services/Auction/Auction.Contracts/Commands/ProcessAuctionExportCommand.cs,cs,13,e8a31044bcf31f41,C# included in project-tree scan,automated inspection,
src/Services/Auction/Auction.Contracts/Commands/ProcessAuctionImportBatchCommand.cs,cs,13,833b6c1c58a89ddf,C# included in project-tree scan,automated inspection,
src/Services/Auction/Auction.Contracts/Commands/ProcessAuctionImportCommand.cs,cs,11,279fed51425a2dd4,C# included in project-tree scan,automated inspection,
src/Services/Auction/Auction.Contracts/Commands/ProcessBulkAuctionUpdateCommand.cs,cs,11,fd5bed85e7a8df03,C# included in project-tree scan,automated inspection,
src/Services/Auction/Auction.Contracts/Events/AuctionCancelledEvent.cs,cs,13,23603de694e48fff,C# included in project-tree scan,automated inspection,
src/Services/Auction/Auction.Contracts/Events/AuctionCreatedEvent.cs,cs,26,ead7c82e9298e32a,C# included in project-tree scan,automated inspection,
src/Services/Auction/Auction.Contracts/Events/AuctionDeletedEvent.cs,cs,10,2b5faca4006a6099,C# included in project-tree scan,automated inspection,
src/Services/Auction/Auction.Contracts/Events/AuctionEndingSoonEvent.cs,cs,15,40772ca5fc185857,C# included in project-tree scan,automated inspection,
src/Services/Auction/Auction.Contracts/Events/AuctionExportCompletedEvent.cs,cs,18,15c168d05a7d0f8c,C# included in project-tree scan,automated inspection,
src/Services/Auction/Auction.Contracts/Events/AuctionExtendedEvent.cs,cs,16,ca0d9f4303dfd70f,C# included in project-tree scan,automated inspection,
src/Services/Auction/Auction.Contracts/Events/AuctionFinishedEvent.cs,cs,17,9ea47cb0f3589683,C# included in project-tree scan,automated inspection,
src/Services/Auction/Auction.Contracts/Events/AuctionHighBidUpdatedEvent.cs,cs,14,6ffe7ecb0aa5d159,C# included in project-tree scan,automated inspection,
src/Services/Auction/Auction.Contracts/Events/AuctionImportCompletedEvent.cs,cs,17,4d5cb0cedddde036,C# included in project-tree scan,automated inspection,
src/Services/Auction/Auction.Contracts/Events/AuctionStartedEvent.cs,cs,16,361dd8a5e3c56fad,C# included in project-tree scan,automated inspection,
src/Services/Auction/Auction.Contracts/Events/AuctionUpdatedEvent.cs,cs,15,2b5818150ca056d8,C# included in project-tree scan,automated inspection,
src/Services/Auction/Auction.Contracts/Events/BulkAuctionUpdateCompletedEvent.cs,cs,17,6b3244922a079023,C# included in project-tree scan,automated inspection,
src/Services/Auction/Auction.Contracts/Events/BuyNowExecutedEvent.cs,cs,17,9338a14455108223,C# included in project-tree scan,automated inspection,
src/Services/Auction/Auction.Contracts/Events/ImportRowErrorPayload.cs,cs,8,ecb3a10fbc9ab5a7,C# included in project-tree scan,automated inspection,
src/Services/Auction/Auction.Contracts/Grpc/auction_validation.proto,proto,51,02b6687c34fa28be,proto3 declaration present,automated inspection,
src/Services/Auction/Auction.Contracts/Grpc/auctions.proto,proto,13,d65c7c2cb073f18a,proto3 declaration present,automated inspection,
src/Services/Auction/Auction.Domain/Auction.Domain.csproj,csproj,14,3cebc313df731572,xml parsed,automated inspection,
src/Services/Auction/Auction.Domain/Constants/AuctionDefaults.cs,cs,124,73140ff42af63e8c,C# included in project-tree scan,automated inspection,
src/Services/Auction/Auction.Domain/Entities/Auction.cs,cs,335,248d5fa150796dab,C# included in project-tree scan,automated inspection,manual_time;suppressed_nullable;domain_events
src/Services/Auction/Auction.Domain/Entities/Bookmark.cs,cs,55,404645dd1ea9dd4a,C# included in project-tree scan,automated inspection,manual_time
src/Services/Auction/Auction.Domain/Entities/Item.cs,cs,117,f6f25e0e665cc35b,C# included in project-tree scan,automated inspection,
src/Services/Auction/Auction.Domain/Entities/MediaFile.cs,cs,23,412f9d7ba909d47e,C# included in project-tree scan,automated inspection,
src/Services/Auction/Auction.Domain/Entities/Review.cs,cs,84,d804ded2051e1fe4,C# included in project-tree scan,automated inspection,manual_time
src/Services/Auction/Auction.Domain/Enums/Status.cs,cs,13,2deb180e1885f5b7,C# included in project-tree scan,automated inspection,
src/Services/Auction/Auction.Domain/Events/AuctionCreatedDomainEvent.cs,cs,19,5783a76b3eb88784,C# included in project-tree scan,automated inspection,domain_events
src/Services/Auction/Auction.Domain/Events/AuctionDeletedDomainEvent.cs,cs,10,a4312f91f0d3e344,C# included in project-tree scan,automated inspection,domain_events
src/Services/Auction/Auction.Domain/Events/AuctionExtendedDomainEvent.cs,cs,13,b9d0d5d5ae1065de,C# included in project-tree scan,automated inspection,domain_events
src/Services/Auction/Auction.Domain/Events/AuctionFinishedDomainEvent.cs,cs,17,fada9ab0cc2ac948,C# included in project-tree scan,automated inspection,domain_events
src/Services/Auction/Auction.Domain/Events/AuctionHighBidUpdatedDomainEvent.cs,cs,11,b3bb209df380ddc3,C# included in project-tree scan,automated inspection,domain_events
src/Services/Auction/Auction.Domain/Events/AuctionStatusChangedDomainEvent.cs,cs,17,586d0314ec672434,C# included in project-tree scan,automated inspection,domain_events
src/Services/Auction/Auction.Domain/Events/AuctionUpdatedDomainEvent.cs,cs,16,9a8cf39631aa75d0,C# included in project-tree scan,automated inspection,domain_events
src/Services/Auction/Auction.Domain/Events/BuyNowExecutedDomainEvent.cs,cs,15,7f683b06a7a5942f,C# included in project-tree scan,automated inspection,domain_events
src/Services/Auction/Auction.Infrastructure/Auction.Infrastructure.csproj,csproj,56,2865e7f289809adb,xml parsed,automated inspection,
src/Services/Auction/Auction.Infrastructure/Extensions/MassTransitOutboxExtensions.cs,cs,112,af9524f901c473f2,C# included in project-tree scan,automated inspection,
src/Services/Auction/Auction.Infrastructure/Extensions/SchedulingExtensions.cs,cs,36,356b4b18f33154a3,C# included in project-tree scan,automated inspection,
src/Services/Auction/Auction.Infrastructure/GlobalUsings.cs,cs,24,a0f5f0812572abe9,C# included in project-tree scan,automated inspection,
src/Services/Auction/Auction.Infrastructure/Grpc/BidFinalizationGrpcClient.cs,cs,34,e4b7157cf5071ebe,C# included in project-tree scan,automated inspection,cancellation_token
src/Services/Auction/Auction.Infrastructure/Grpc/CatalogGrpcClient.cs,cs,56,48c52c661fca0ac4,C# included in project-tree scan,automated inspection,broad_exception_catch;cancellation_token
src/Services/Auction/Auction.Infrastructure/Jobs/AuctionActivationJob.cs,cs,80,a7fe3cd0264cba76,C# included in project-tree scan,automated inspection,broad_exception_catch;ef_save;cancellation_token
src/Services/Auction/Auction.Infrastructure/Jobs/AuctionEndingSoonNotificationJob.cs,cs,100,044df33a4e48a5bb,C# included in project-tree scan,automated inspection,broad_exception_catch;cancellation_token;manual_time;external_call
src/Services/Auction/Auction.Infrastructure/Jobs/CheckAuctionFinishedJob.cs,cs,86,3a93f4820ecfda0e,C# included in project-tree scan,focused manual inspection,broad_exception_catch;ef_save;cancellation_token
src/Services/Auction/Auction.Infrastructure/Messaging/Consumers/BidPlacedConsumer.cs,cs,63,70858fe962a49df7,C# included in project-tree scan,automated inspection,ef_save;cancellation_token
src/Services/Auction/Auction.Infrastructure/Messaging/Consumers/BidRetractedConsumer.cs,cs,63,5e882e6d6b5756c0,C# included in project-tree scan,automated inspection,ef_save;cancellation_token
src/Services/Auction/Auction.Infrastructure/Messaging/Consumers/BrandUpdatedConsumer.cs,cs,32,1d6e87ed7154e0cb,C# included in project-tree scan,automated inspection,cancellation_token
src/Services/Auction/Auction.Infrastructure/Messaging/Consumers/BulkUpdateAuctionsConsumer.cs,cs,175,633c42fd0b53c907,C# included in project-tree scan,focused manual inspection,broad_exception_catch;ef_save;cancellation_token;manual_time;query_materialization
src/Services/Auction/Auction.Infrastructure/Messaging/Consumers/CategoryUpdatedConsumer.cs,cs,32,d516dd37682f9a8f,C# included in project-tree scan,automated inspection,cancellation_token
src/Services/Auction/Auction.Infrastructure/Messaging/Consumers/CompleteBuyNowAuctionConsumer.cs,cs,88,b2806de2dbc1af49,C# included in project-tree scan,automated inspection,broad_exception_catch;ef_save;cancellation_token
src/Services/Auction/Auction.Infrastructure/Messaging/Consumers/ExportAuctionsConsumer.cs,cs,171,62dea6675cce5a2c,C# included in project-tree scan,automated inspection,enumerable_input;cancellation_token;manual_time;query_materialization
src/Services/Auction/Auction.Infrastructure/Messaging/Consumers/FileDeletedConsumer.cs,cs,61,326925cead7a203b,C# included in project-tree scan,automated inspection,ef_save;cancellation_token
src/Services/Auction/Auction.Infrastructure/Messaging/Consumers/FileUploadedConsumer.cs,cs,78,d27f8060204df185,C# included in project-tree scan,automated inspection,ef_save;cancellation_token
src/Services/Auction/Auction.Infrastructure/Messaging/Consumers/ImportAuctionsBatchConsumer.cs,cs,227,8ae86996130a87b6,C# included in project-tree scan,focused manual inspection,ef_save;cancellation_token;manual_time;query_materialization
src/Services/Auction/Auction.Infrastructure/Messaging/Consumers/ImportAuctionsConsumer.cs,cs,318,ebe3fa654dcceadd,C# included in project-tree scan,focused manual inspection,ef_save;cancellation_token;manual_time;query_materialization
src/Services/Auction/Auction.Infrastructure/Messaging/Consumers/ReleaseAuctionReservationConsumer.cs,cs,88,a39af8df2dca7016,C# included in project-tree scan,automated inspection,broad_exception_catch;ef_save;cancellation_token
src/Services/Auction/Auction.Infrastructure/Messaging/Consumers/ReserveAuctionForBuyNowConsumer.cs,cs,142,c0053ae8f594d9a5,C# included in project-tree scan,automated inspection,broad_exception_catch;ef_save;cancellation_token
src/Services/Auction/Auction.Infrastructure/Messaging/Consumers/UserDeletedConsumer.cs,cs,135,4a8d351202771125,C# included in project-tree scan,automated inspection,ef_save;cancellation_token;query_materialization;external_call
src/Services/Auction/Auction.Infrastructure/Messaging/Consumers/UserRoleChangedConsumer.cs,cs,121,99e52575e7e93e93,C# included in project-tree scan,automated inspection,ef_save;cancellation_token;external_call
src/Services/Auction/Auction.Infrastructure/Messaging/Consumers/UserSuspendedConsumer.cs,cs,102,ae10987c438fd6f2,C# included in project-tree scan,automated inspection,ef_save;cancellation_token;external_call
src/Services/Auction/Auction.Infrastructure/Messaging/Consumers/UserUpdatedConsumer.cs,cs,96,2f75c5600b50ef3e,C# included in project-tree scan,automated inspection,ef_save;cancellation_token
src/Services/Auction/Auction.Infrastructure/Migrations/20260730153534_InitialCreate.Designer.cs,cs,624,9af5ad4293413fb4,C# included in project-tree scan,automated inspection,
src/Services/Auction/Auction.Infrastructure/Migrations/20260730153534_InitialCreate.cs,cs,432,1e558afd79444bf5,C# included in project-tree scan,automated inspection,
src/Services/Auction/Auction.Infrastructure/Migrations/AuctionDbContextModelSnapshot.cs,cs,621,a2cda2e0cbb73239,C# included in project-tree scan,automated inspection,
src/Services/Auction/Auction.Infrastructure/Persistence/AuctionDbContext.cs,cs,41,31a85d0b3a5e0245,C# included in project-tree scan,automated inspection,
src/Services/Auction/Auction.Infrastructure/Persistence/AuctionDbContextFactory.cs,cs,16,1c85e8f4dd827d15,C# included in project-tree scan,automated inspection,
src/Services/Auction/Auction.Infrastructure/Persistence/Configurations/AuctionConfiguration.cs,cs,81,10571895edd331e5,C# included in project-tree scan,automated inspection,
src/Services/Auction/Auction.Infrastructure/Persistence/Configurations/BookmarkConfiguration.cs,cs,59,0fcb858b6fc6816b,C# included in project-tree scan,automated inspection,
src/Services/Auction/Auction.Infrastructure/Persistence/Configurations/ItemConfiguration.cs,cs,57,dc0bde0e72d6425a,C# included in project-tree scan,automated inspection,
src/Services/Auction/Auction.Infrastructure/Persistence/Configurations/ReviewConfiguration.cs,cs,65,46de3e45d9b6ef40,C# included in project-tree scan,automated inspection,
src/Services/Auction/Auction.Infrastructure/Persistence/Repositories/AuctionBulkRepository.cs,cs,69,0fa5fe3c76b6f047,C# included in project-tree scan,focused manual inspection,async_ef_query;ef_save;cancellation_token;query_materialization
src/Services/Auction/Auction.Infrastructure/Persistence/Repositories/AuctionRepository.cs,cs,315,0861b32aada421f0,C# included in project-tree scan,automated inspection,async_ef_query;enumerable_input;cancellation_token;query_materialization
src/Services/Auction/Auction.Infrastructure/Persistence/Repositories/BookmarkRepository.cs,cs,162,62bd2f4d92119ba4,C# included in project-tree scan,automated inspection,async_ef_query;cancellation_token;suppressed_nullable;query_materialization
src/Services/Auction/Auction.Infrastructure/Persistence/Repositories/CachedAuctionRepository.cs,cs,163,f245c394ebdc340d,C# included in project-tree scan,automated inspection,enumerable_input;cancellation_token
src/Services/Auction/Auction.Infrastructure/Persistence/Repositories/ImportCheckpointRepository.cs,cs,43,1cd982d012a5ff26,C# included in project-tree scan,automated inspection,cancellation_token
src/Services/Auction/Auction.Infrastructure/Persistence/Repositories/ReviewRepository.cs,cs,214,711cc3c29531be37,C# included in project-tree scan,automated inspection,async_ef_query;cancellation_token;suppressed_nullable;query_materialization
src/Services/Auction/Auction.Infrastructure/Persistence/UnitOfWork.cs,cs,13,826cb61be4784577,C# included in project-tree scan,automated inspection,
src/Services/Auction/tests/Auction.Application.Tests/AssemblyReferenceTests.cs,cs,16,b08c482f0fee7dd2,C# included in project-tree scan,automated inspection,
src/Services/Auction/tests/Auction.Application.Tests/Auction.Application.Tests.csproj,csproj,15,4646de39a123d48a,xml parsed,automated inspection,
src/Services/Auction/tests/Auction.Application.Tests/AuctionAuditMetadataTests.cs,cs,32,7f898a521d4d73ea,C# included in project-tree scan,automated inspection,
src/Services/Auction/tests/Auction.Application.Tests/ImportBatchingTests.cs,cs,110,d04cf85c7b8b8ea0,C# included in project-tree scan,automated inspection,manual_time;suppressed_nullable;query_materialization
src/Services/Auction/tests/Auction.Domain.Tests/AssemblyReferenceTests.cs,cs,16,ab4708739ed75ebe,C# included in project-tree scan,automated inspection,
src/Services/Auction/tests/Auction.Domain.Tests/Auction.Domain.Tests.csproj,csproj,15,f40341ca9dc0c37b,xml parsed,automated inspection,
src/Services/Bidding/Bidding.Api/Bidding.Api.csproj,csproj,41,5b828396f62af546,xml parsed,automated inspection,
src/Services/Bidding/Bidding.Api/Dockerfile,Dockerfile,57,a1a4357f0e7102f9,Dockerfile FROM present,automated inspection,
src/Services/Bidding/Bidding.Api/Endpoints/AutoBids/AutoBidEndpoints.cs,cs,168,e74be09b5c519f42,C# included in project-tree scan,automated inspection,cancellation_token;http_routes;authorization
src/Services/Bidding/Bidding.Api/Endpoints/Bids/BidEndpoints.cs,cs,211,9d84f5a22ca74be5,C# included in project-tree scan,automated inspection,cancellation_token;http_routes;authorization
src/Services/Bidding/Bidding.Api/Extensions/DependencyInjection/GrpcExtensions.cs,cs,65,b69484de29cd8511,C# included in project-tree scan,automated inspection,
src/Services/Bidding/Bidding.Api/Extensions/DependencyInjection/RateLimitingExtensions.cs,cs,78,4a0eb9d43ba011a6,C# included in project-tree scan,automated inspection,
src/Services/Bidding/Bidding.Api/Extensions/DependencyInjection/ServiceExtensions.cs,cs,49,71fba1f9a396d9bd,C# included in project-tree scan,automated inspection,
src/Services/Bidding/Bidding.Api/GlobalUsings.cs,cs,21,d814ef6fbce85eb4,C# included in project-tree scan,automated inspection,
src/Services/Bidding/Bidding.Api/Grpc/BidGrpcService.cs,cs,117,5f149ab785d24601,C# included in project-tree scan,automated inspection,cancellation_token;query_materialization
src/Services/Bidding/Bidding.Api/Program.cs,cs,108,f55a956130c4c7f8,C# included in project-tree scan,automated inspection,
src/Services/Bidding/Bidding.Api/Properties/launchSettings.json,json,23,8c780f04d4ddaeb5,json parsed,automated inspection,
src/Services/Bidding/Bidding.Api/appsettings.Production.json,json,26,fe9b6a1c1e6228ea,json parsed,automated inspection,
src/Services/Bidding/Bidding.Api/appsettings.json,json,60,a004808d105db35d,json parsed,automated inspection,configuration_secret_field
src/Services/Bidding/Bidding.Application/Bidding.Application.csproj,csproj,22,4b86aa5928c99ff5,xml parsed,automated inspection,
src/Services/Bidding/Bidding.Application/DTOs/Audit/BidAuditData.cs,cs,75,c1a362cc0557434e,C# included in project-tree scan,automated inspection,
src/Services/Bidding/Bidding.Application/DTOs/AutoBidDto.cs,cs,28,827d150a0f12f516,C# included in project-tree scan,automated inspection,
src/Services/Bidding/Bidding.Application/DTOs/AutoBidRequestDtos.cs,cs,3,f44550f568a1ce42,C# included in project-tree scan,automated inspection,
src/Services/Bidding/Bidding.Application/DTOs/BidDto.cs,cs,30,dc891c2d6a1ac968,C# included in project-tree scan,automated inspection,
src/Services/Bidding/Bidding.Application/DTOs/BidFilterDto.cs,cs,31,991b8e390b894c0b,C# included in project-tree scan,automated inspection,
src/Services/Bidding/Bidding.Application/DTOs/BidStatsDtos.cs,cs,30,66bf444a68281171,C# included in project-tree scan,automated inspection,
src/Services/Bidding/Bidding.Application/DTOs/PlaceBidDto.cs,cs,8,59df9df18cce8439,C# included in project-tree scan,automated inspection,
src/Services/Bidding/Bidding.Application/Errors/BiddingErrors.cs,cs,40,0c008daace590c7f,C# included in project-tree scan,automated inspection,
src/Services/Bidding/Bidding.Application/EventHandlers/AutoBidActivatedDomainEventHandler.cs,cs,32,6980300b7c6e770c,C# included in project-tree scan,automated inspection,cancellation_token;external_call
src/Services/Bidding/Bidding.Application/EventHandlers/AutoBidCreatedDomainEventHandler.cs,cs,35,fdb6e66d60fae310,C# included in project-tree scan,automated inspection,cancellation_token;external_call
src/Services/Bidding/Bidding.Application/EventHandlers/AutoBidDeactivatedDomainEventHandler.cs,cs,32,2e134a91e7187aba,C# included in project-tree scan,automated inspection,cancellation_token;external_call
src/Services/Bidding/Bidding.Application/EventHandlers/AutoBidMaxAmountUpdatedDomainEventHandler.cs,cs,33,62ea0debe0d0d979,C# included in project-tree scan,automated inspection,cancellation_token;external_call
src/Services/Bidding/Bidding.Application/EventHandlers/BidAcceptedBelowReserveDomainEventHandler.cs,cs,34,3c9dbf2c4b3814e8,C# included in project-tree scan,automated inspection,cancellation_token;external_call
src/Services/Bidding/Bidding.Application/EventHandlers/BidAcceptedDomainEventHandler.cs,cs,41,b9b190125b86b523,C# included in project-tree scan,automated inspection,cancellation_token;manual_time;external_call
src/Services/Bidding/Bidding.Application/EventHandlers/BidMarkedTooLowDomainEventHandler.cs,cs,33,2802b627f2223d01,C# included in project-tree scan,automated inspection,cancellation_token;external_call
src/Services/Bidding/Bidding.Application/EventHandlers/BidPlacedDomainEventHandler.cs,cs,41,f9a5631da08af5a7,C# included in project-tree scan,automated inspection,cancellation_token;external_call
src/Services/Bidding/Bidding.Application/EventHandlers/BidRejectedDomainEventHandler.cs,cs,42,ac931a1874a95823,C# included in project-tree scan,automated inspection,cancellation_token;manual_time;external_call
src/Services/Bidding/Bidding.Application/EventHandlers/BidRetractedDomainEventHandler.cs,cs,47,547dd3d30b25bfb2,C# included in project-tree scan,automated inspection,cancellation_token;external_call
src/Services/Bidding/Bidding.Application/EventHandlers/HighestBidUpdatedDomainEventHandler.cs,cs,81,6a13426c89867c2f,C# included in project-tree scan,automated inspection,cancellation_token;manual_time;external_call
src/Services/Bidding/Bidding.Application/Extensions/Mappings/AutoBidMappingExtensions.cs,cs,26,c8b100e305675620,C# included in project-tree scan,automated inspection,enumerable_input;query_materialization
src/Services/Bidding/Bidding.Application/Extensions/Mappings/BidMappingExtensions.cs,cs,28,c8eec48240306ec1,C# included in project-tree scan,automated inspection,enumerable_input;query_materialization
src/Services/Bidding/Bidding.Application/Features/AutoBids/CancelAutoBid/CancelAutoBidCommand.cs,cs,14,565e9dccdc2a06da,C# included in project-tree scan,automated inspection,
src/Services/Bidding/Bidding.Application/Features/AutoBids/CancelAutoBid/CancelAutoBidCommandHandler.cs,cs,68,05d674d380a7a0a9,C# included in project-tree scan,automated inspection,ef_save;cancellation_token;external_call
src/Services/Bidding/Bidding.Application/Features/AutoBids/CreateAutoBid/CreateAutoBidCommand.cs,cs,29,0410a369166a2253,C# included in project-tree scan,automated inspection,
src/Services/Bidding/Bidding.Application/Features/AutoBids/CreateAutoBid/CreateAutoBidCommandHandler.cs,cs,86,872862b8c54fcf43,C# included in project-tree scan,automated inspection,ef_save;cancellation_token;external_call
src/Services/Bidding/Bidding.Application/Features/AutoBids/CreateAutoBid/CreateAutoBidCommandValidator.cs,cs,32,d03e285eac18e6d0,C# included in project-tree scan,automated inspection,
src/Services/Bidding/Bidding.Application/Features/AutoBids/GetAutoBid/GetAutoBidQuery.cs,cs,19,5711c37ec1dbf7f0,C# included in project-tree scan,automated inspection,
src/Services/Bidding/Bidding.Application/Features/AutoBids/GetAutoBid/GetAutoBidQueryHandler.cs,cs,49,b619a1043af5784e,C# included in project-tree scan,automated inspection,cancellation_token
src/Services/Bidding/Bidding.Application/Features/AutoBids/GetAutoBidForAuction/GetAutoBidForAuctionQuery.cs,cs,8,60483cf9458e167c,C# included in project-tree scan,automated inspection,
src/Services/Bidding/Bidding.Application/Features/AutoBids/GetAutoBidForAuction/GetAutoBidForAuctionQueryHandler.cs,cs,53,a38aadba619b792c,C# included in project-tree scan,automated inspection,cancellation_token
src/Services/Bidding/Bidding.Application/Features/AutoBids/GetMyAutoBids/GetMyAutoBidsQuery.cs,cs,33,c02247a73be52574,C# included in project-tree scan,automated inspection,
src/Services/Bidding/Bidding.Application/Features/AutoBids/GetMyAutoBids/GetMyAutoBidsQueryHandler.cs,cs,73,64bcec132d02a4cb,C# included in project-tree scan,automated inspection,cancellation_token;query_materialization
src/Services/Bidding/Bidding.Application/Features/AutoBids/ToggleAutoBid/ToggleAutoBidCommand.cs,cs,16,80d33d3258b84374,C# included in project-tree scan,automated inspection,
src/Services/Bidding/Bidding.Application/Features/AutoBids/ToggleAutoBid/ToggleAutoBidCommandHandler.cs,cs,85,0c296e7549d65437,C# included in project-tree scan,automated inspection,ef_save;cancellation_token;external_call
src/Services/Bidding/Bidding.Application/Features/AutoBids/ToggleAutoBid/ToggleAutoBidCommandValidator.cs,cs,17,928bf730a258ce40,C# included in project-tree scan,automated inspection,
src/Services/Bidding/Bidding.Application/Features/AutoBids/UpdateAutoBid/UpdateAutoBidCommand.cs,cs,25,8554effe885bb1cf,C# included in project-tree scan,automated inspection,
src/Services/Bidding/Bidding.Application/Features/AutoBids/UpdateAutoBid/UpdateAutoBidCommandHandler.cs,cs,78,3496aa1cbc18eff7,C# included in project-tree scan,automated inspection,ef_save;cancellation_token;external_call
src/Services/Bidding/Bidding.Application/Features/AutoBids/UpdateAutoBid/UpdateAutoBidCommandValidator.cs,cs,23,d666602f43017280,C# included in project-tree scan,automated inspection,
src/Services/Bidding/Bidding.Application/Features/Bids/GetBidById/GetBidByIdQuery.cs,cs,20,8564123131223d6b,C# included in project-tree scan,automated inspection,
src/Services/Bidding/Bidding.Application/Features/Bids/GetBidById/GetBidByIdQueryHandler.cs,cs,53,3c99a79d072d44bb,C# included in project-tree scan,automated inspection,cancellation_token
src/Services/Bidding/Bidding.Application/Features/Bids/GetBidHistory/GetBidHistoryQuery.cs,cs,39,24b731fc6a6d336c,C# included in project-tree scan,automated inspection,
src/Services/Bidding/Bidding.Application/Features/Bids/GetBidHistory/GetBidHistoryQueryHandler.cs,cs,58,51e0534ce33c7659,C# included in project-tree scan,automated inspection,cancellation_token;query_materialization
src/Services/Bidding/Bidding.Application/Features/Bids/GetBidIncrement/GetBidIncrementQuery.cs,cs,6,1694729640331722,C# included in project-tree scan,automated inspection,
src/Services/Bidding/Bidding.Application/Features/Bids/GetBidIncrement/GetBidIncrementQueryHandler.cs,cs,23,d976631a7d254952,C# included in project-tree scan,automated inspection,cancellation_token
src/Services/Bidding/Bidding.Application/Features/Bids/GetBidStats/GetBidStatsQuery.cs,cs,16,497bca9dd263c391,C# included in project-tree scan,automated inspection,suppressed_nullable
src/Services/Bidding/Bidding.Application/Features/Bids/GetBidStats/GetBidStatsQueryHandler.cs,cs,52,13f6761d14ca0297,C# included in project-tree scan,automated inspection,cancellation_token
src/Services/Bidding/Bidding.Application/Features/Bids/GetBidsForAuction/GetBidsForAuctionQuery.cs,cs,20,4046d0b2f8cfeac7,C# included in project-tree scan,automated inspection,
src/Services/Bidding/Bidding.Application/Features/Bids/GetBidsForAuction/GetBidsForAuctionQueryHandler.cs,cs,40,ed5e6cf045c150a6,C# included in project-tree scan,automated inspection,cancellation_token
src/Services/Bidding/Bidding.Application/Features/Bids/GetMyBids/GetMyBidsQuery.cs,cs,21,d9f2f3adb21a0e2b,C# included in project-tree scan,automated inspection,
src/Services/Bidding/Bidding.Application/Features/Bids/GetMyBids/GetMyBidsQueryHandler.cs,cs,41,c71f3ea53b9241b3,C# included in project-tree scan,automated inspection,cancellation_token
src/Services/Bidding/Bidding.Application/Features/Bids/GetWinningBids/GetWinningBidsQuery.cs,cs,27,7d2c343afe8a8908,C# included in project-tree scan,automated inspection,
src/Services/Bidding/Bidding.Application/Features/Bids/GetWinningBids/GetWinningBidsQueryHandler.cs,cs,71,40a5b09d3a3e3dad,C# included in project-tree scan,automated inspection,cancellation_token
src/Services/Bidding/Bidding.Application/Features/Bids/PlaceBid/BidErrors.cs,cs,18,86570bb97ef758e0,C# included in project-tree scan,automated inspection,
src/Services/Bidding/Bidding.Application/Features/Bids/PlaceBid/PlaceBidCommand.cs,cs,12,3b2a8af1d3f71d0d,C# included in project-tree scan,automated inspection,
src/Services/Bidding/Bidding.Application/Features/Bids/PlaceBid/PlaceBidCommandHandler.cs,cs,122,054ebb626d6759b6,C# included in project-tree scan,automated inspection,broad_exception_catch;cancellation_token;external_call
src/Services/Bidding/Bidding.Application/Features/Bids/PlaceBid/PlaceBidCommandValidator.cs,cs,33,744eb62fc105dc69,C# included in project-tree scan,automated inspection,
src/Services/Bidding/Bidding.Application/Features/Bids/RetractBid/RetractBidCommand.cs,cs,27,fda8da68f352dc55,C# included in project-tree scan,automated inspection,
src/Services/Bidding/Bidding.Application/Features/Bids/RetractBid/RetractBidCommandHandler.cs,cs,117,62c73159c938f1f3,C# included in project-tree scan,automated inspection,ef_save;cancellation_token;external_call
src/Services/Bidding/Bidding.Application/Features/Bids/RetractBid/RetractBidCommandValidator.cs,cs,23,d171de8ccfbcf7a0,C# included in project-tree scan,automated inspection,
src/Services/Bidding/Bidding.Application/Filtering/AutoBidFilter.cs,cs,15,a7e63f642b45a409,C# included in project-tree scan,automated inspection,
src/Services/Bidding/Bidding.Application/Filtering/BidFilter.cs,cs,17,7808281363ad726f,C# included in project-tree scan,automated inspection,
src/Services/Bidding/Bidding.Application/Filtering/WinningBidFilter.cs,cs,13,8b793a14c1c7fd2e,C# included in project-tree scan,automated inspection,
src/Services/Bidding/Bidding.Application/GlobalUsings.cs,cs,29,a4e04c10da26cf56,C# included in project-tree scan,automated inspection,
src/Services/Bidding/Bidding.Application/Helpers/BidIncrementHelper.cs,cs,38,52d16cb3b19c885f,C# included in project-tree scan,automated inspection,
src/Services/Bidding/Bidding.Application/Interfaces/IAuctionBidFinalizationService.cs,cs,24,eec622e5e8143101,C# included in project-tree scan,automated inspection,cancellation_token
src/Services/Bidding/Bidding.Application/Interfaces/IAuctionBidLock.cs,cs,9,5268e2b9f972a57a,C# included in project-tree scan,automated inspection,cancellation_token
src/Services/Bidding/Bidding.Application/Interfaces/IAuctionGrpcClient.cs,cs,38,5ffda46f113e70ba,C# included in project-tree scan,automated inspection,cancellation_token
src/Services/Bidding/Bidding.Application/Interfaces/IAuctionSnapshotRepository.cs,cs,20,75622f4bd2afb185,C# included in project-tree scan,automated inspection,cancellation_token
src/Services/Bidding/Bidding.Application/Interfaces/IAutoBidRepository.cs,cs,16,c305a5c6f6c51fce,C# included in project-tree scan,automated inspection,cancellation_token
src/Services/Bidding/Bidding.Application/Interfaces/IBidRepository.cs,cs,45,9a353a5d8eb6c81b,C# included in project-tree scan,automated inspection,enumerable_input;cancellation_token
src/Services/Bidding/Bidding.Application/Interfaces/IBidService.cs,cs,19,09943c3755d853bf,C# included in project-tree scan,automated inspection,cancellation_token
src/Services/Bidding/Bidding.Application/Mappings/MappingProfiles.cs,cs,18,0034b2ca5e587ad0,C# included in project-tree scan,automated inspection,manual_time
src/Services/Bidding/Bidding.Application/Predicates/BidPredicates.cs,cs,31,99076ad1b302637b,C# included in project-tree scan,automated inspection,
src/Services/Bidding/Bidding.Application/Resources/BiddingResources.cs,cs,3,ad9e4cfb1fb84a52,C# included in project-tree scan,automated inspection,
src/Services/Bidding/Bidding.Application/Resources/BiddingResources.ja-JP.resx,resx,48,4cf8ced38a0f0a42,xml parsed,automated inspection,
src/Services/Bidding/Bidding.Application/Resources/BiddingResources.resx,resx,48,639fae3f14f37b41,xml parsed,automated inspection,
src/Services/Bidding/Bidding.Application/Services/AutoBidLockKeys.cs,cs,6,cd266de4076a8d13,C# included in project-tree scan,automated inspection,
src/Services/Bidding/Bidding.Application/Services/AutoBidService.cs,cs,153,ac4dd74321979a28,C# included in project-tree scan,automated inspection,ef_save;cancellation_token;query_materialization
src/Services/Bidding/Bidding.Application/Services/BidLockKeys.cs,cs,6,0a2adff1b5a6f886,C# included in project-tree scan,automated inspection,
src/Services/Bidding/Bidding.Application/Services/BidPlacementService.cs,cs,328,f816456504052849,C# included in project-tree scan,focused manual inspection,broad_exception_catch;ef_save;cancellation_token
src/Services/Bidding/Bidding.Contracts/BidService.Contracts.csproj,csproj,32,c5f02c231bf985ec,xml parsed,automated inspection,
src/Services/Bidding/Bidding.Contracts/Constants/BidEventStatusNames.cs,cs,15,61cb736f22d84ba9,C# included in project-tree scan,automated inspection,
src/Services/Bidding/Bidding.Contracts/Events/AutoBidActivatedEvent.cs,cs,13,018c1a707bc68e32,C# included in project-tree scan,automated inspection,
src/Services/Bidding/Bidding.Contracts/Events/AutoBidCreatedEvent.cs,cs,15,686f2b40bddab2c6,C# included in project-tree scan,automated inspection,
src/Services/Bidding/Bidding.Contracts/Events/AutoBidDeactivatedEvent.cs,cs,13,ec7a4fb9ef2d48f4,C# included in project-tree scan,automated inspection,
src/Services/Bidding/Bidding.Contracts/Events/AutoBidUpdatedEvent.cs,cs,14,232d0bf0450cb00f,C# included in project-tree scan,automated inspection,
src/Services/Bidding/Bidding.Contracts/Events/BidAcceptedBelowReserveEvent.cs,cs,15,513fb41daf5f3e5d,C# included in project-tree scan,automated inspection,
src/Services/Bidding/Bidding.Contracts/Events/BidAcceptedEvent.cs,cs,15,6af717f507d3a614,C# included in project-tree scan,automated inspection,
src/Services/Bidding/Bidding.Contracts/Events/BidMarkedTooLowEvent.cs,cs,14,839fcda12a9c43b6,C# included in project-tree scan,automated inspection,
src/Services/Bidding/Bidding.Contracts/Events/BidPlacedEvent.cs,cs,16,362a9f7f9233b91e,C# included in project-tree scan,automated inspection,
src/Services/Bidding/Bidding.Contracts/Events/BidRejectedEvent.cs,cs,15,8c479d349586ef39,C# included in project-tree scan,automated inspection,
src/Services/Bidding/Bidding.Contracts/Events/BidRetractedEvent.cs,cs,24,453d2f39294184c2,C# included in project-tree scan,automated inspection,
src/Services/Bidding/Bidding.Contracts/Events/HighestBidUpdatedEvent.cs,cs,16,9325c5c05bfc4c62,C# included in project-tree scan,automated inspection,
src/Services/Bidding/Bidding.Contracts/Events/OutbidEvent.cs,cs,16,aac573adbae03be2,C# included in project-tree scan,automated inspection,
src/Services/Bidding/Bidding.Contracts/Events/ProcessAutoBidsEvent.cs,cs,13,93d5bd74746256a7,C# included in project-tree scan,automated inspection,
src/Services/Bidding/Bidding.Contracts/Grpc/bids.proto,proto,54,46012925804415e3,proto3 declaration present,automated inspection,
src/Services/Bidding/Bidding.Domain/Bidding.Domain.csproj,csproj,14,1c021cfe8ae8b192,xml parsed,automated inspection,
src/Services/Bidding/Bidding.Domain/Constants/BidDefaults.cs,cs,95,3017b1e423602ea6,C# included in project-tree scan,automated inspection,
src/Services/Bidding/Bidding.Domain/Entities/AutoBid.cs,cs,98,bfb65b76802ce63e,C# included in project-tree scan,automated inspection,manual_time;domain_events
src/Services/Bidding/Bidding.Domain/Entities/Bid.cs,cs,162,53607f1f35687fe4,C# included in project-tree scan,automated inspection,manual_time;domain_events
src/Services/Bidding/Bidding.Domain/Enums/BidStatus.cs,cs,11,615447432222bcc1,C# included in project-tree scan,automated inspection,
src/Services/Bidding/Bidding.Domain/Events/AutoBidActivatedDomainEvent.cs,cs,8,40eb5ff41936c71b,C# included in project-tree scan,automated inspection,domain_events
src/Services/Bidding/Bidding.Domain/Events/AutoBidCreatedDomainEvent.cs,cs,10,0498c34ad1387165,C# included in project-tree scan,automated inspection,domain_events
src/Services/Bidding/Bidding.Domain/Events/AutoBidDeactivatedDomainEvent.cs,cs,8,f40e937a70a0f6f7,C# included in project-tree scan,automated inspection,domain_events
src/Services/Bidding/Bidding.Domain/Events/AutoBidMaxAmountUpdatedDomainEvent.cs,cs,9,a8b8ecc5b873ce6c,C# included in project-tree scan,automated inspection,domain_events
src/Services/Bidding/Bidding.Domain/Events/BidAcceptedBelowReserveDomainEvent.cs,cs,10,2fdd8447e6853313,C# included in project-tree scan,automated inspection,domain_events
src/Services/Bidding/Bidding.Domain/Events/BidAcceptedDomainEvent.cs,cs,12,9327d172d67787bb,C# included in project-tree scan,automated inspection,domain_events
src/Services/Bidding/Bidding.Domain/Events/BidMarkedTooLowDomainEvent.cs,cs,9,9f0a87a81f4ae7b6,C# included in project-tree scan,automated inspection,domain_events
src/Services/Bidding/Bidding.Domain/Events/BidPlacedDomainEvent.cs,cs,13,429df8ddc699f67e,C# included in project-tree scan,automated inspection,domain_events
src/Services/Bidding/Bidding.Domain/Events/BidRejectedDomainEvent.cs,cs,13,53970c0800cd59a8,C# included in project-tree scan,automated inspection,domain_events
src/Services/Bidding/Bidding.Domain/Events/BidRetractedDomainEvent.cs,cs,16,a95ea1f5a013dd22,C# included in project-tree scan,automated inspection,domain_events
src/Services/Bidding/Bidding.Domain/Events/HighestBidUpdatedDomainEvent.cs,cs,16,de236c186c72efa2,C# included in project-tree scan,automated inspection,domain_events
src/Services/Bidding/Bidding.Domain/GlobalUsings.cs,cs,5,0ec37c4518e7ee01,C# included in project-tree scan,automated inspection,
src/Services/Bidding/Bidding.Infrastructure/Bidding.Infrastructure.csproj,csproj,32,5b1482a5431c9e21,xml parsed,automated inspection,
src/Services/Bidding/Bidding.Infrastructure/Extensions/MassTransitOutboxExtensions.cs,cs,71,9cff916cc69f9e85,C# included in project-tree scan,automated inspection,
src/Services/Bidding/Bidding.Infrastructure/GlobalUsings.cs,cs,13,0453a41608eeaca3,C# included in project-tree scan,automated inspection,
src/Services/Bidding/Bidding.Infrastructure/Grpc/AuctionGrpcClient.cs,cs,164,055f5845f14a50f6,C# included in project-tree scan,automated inspection,cancellation_token;manual_time
src/Services/Bidding/Bidding.Infrastructure/Messaging/Consumers/AuctionCreatedSnapshotConsumer.cs,cs,39,aedef87a5e09d3d8,C# included in project-tree scan,automated inspection,cancellation_token
src/Services/Bidding/Bidding.Infrastructure/Messaging/Consumers/AuctionDeletedSnapshotConsumer.cs,cs,29,7e5b7b1de2e0186e,C# included in project-tree scan,automated inspection,cancellation_token
src/Services/Bidding/Bidding.Infrastructure/Messaging/Consumers/AuctionFinishedConsumer.cs,cs,77,0a5227e4c656006f,C# included in project-tree scan,automated inspection,ef_save;cancellation_token
src/Services/Bidding/Bidding.Infrastructure/Messaging/Consumers/AuctionFinishedSnapshotConsumer.cs,cs,40,946765a6df89fe9d,C# included in project-tree scan,automated inspection,cancellation_token
src/Services/Bidding/Bidding.Infrastructure/Messaging/Consumers/AuctionHighBidSnapshotConsumer.cs,cs,37,95f61b969b0abd02,C# included in project-tree scan,automated inspection,cancellation_token
src/Services/Bidding/Bidding.Infrastructure/Messaging/Consumers/AuctionStartedSnapshotConsumer.cs,cs,42,bee23b74ef3ec723,C# included in project-tree scan,automated inspection,cancellation_token
src/Services/Bidding/Bidding.Infrastructure/Messaging/Consumers/BidPlacedAntiSnipeConsumer.cs,cs,67,179d0ca33101f9e1,C# included in project-tree scan,automated inspection,broad_exception_catch;cancellation_token
src/Services/Bidding/Bidding.Infrastructure/Messaging/Consumers/ProcessAutoBidsConsumer.cs,cs,75,879c0018eae4bb1e,C# included in project-tree scan,automated inspection,broad_exception_catch;cancellation_token
src/Services/Bidding/Bidding.Infrastructure/Migrations/20260730153551_InitialCreate.Designer.cs,cs,353,7b2b54156660099d,C# included in project-tree scan,automated inspection,
src/Services/Bidding/Bidding.Infrastructure/Migrations/20260730153551_InitialCreate.cs,cs,246,303162172b9db549,C# included in project-tree scan,automated inspection,
src/Services/Bidding/Bidding.Infrastructure/Migrations/BidDbContextModelSnapshot.cs,cs,350,fee60ee7d44a8d5a,C# included in project-tree scan,automated inspection,
src/Services/Bidding/Bidding.Infrastructure/Persistence/BidDbContext.cs,cs,36,60c812c70c9ee975,C# included in project-tree scan,automated inspection,
src/Services/Bidding/Bidding.Infrastructure/Persistence/BidDbContextFactory.cs,cs,16,929630eaa1c30dc3,C# included in project-tree scan,automated inspection,
src/Services/Bidding/Bidding.Infrastructure/Persistence/Configurations/AutoBidConfiguration.cs,cs,37,d2921af5cbd1b6d3,C# included in project-tree scan,automated inspection,
src/Services/Bidding/Bidding.Infrastructure/Persistence/Configurations/BidConfiguration.cs,cs,43,9a64dc1524635da1,C# included in project-tree scan,automated inspection,
src/Services/Bidding/Bidding.Infrastructure/Persistence/PostgresAuctionBidLock.cs,cs,59,19159ed2037d6ed7,C# included in project-tree scan,automated inspection,cancellation_token
src/Services/Bidding/Bidding.Infrastructure/Persistence/UnitOfWork.cs,cs,12,bdf39a40758f9319,C# included in project-tree scan,automated inspection,
src/Services/Bidding/Bidding.Infrastructure/Repositories/AutoBidRepository.cs,cs,215,029723a37517f62f,C# included in project-tree scan,focused manual inspection,async_ef_query;enumerable_input;cancellation_token;suppressed_nullable;query_materialization
src/Services/Bidding/Bidding.Infrastructure/Repositories/BidRepository.cs,cs,478,44592661849e3157,C# included in project-tree scan,focused manual inspection,async_ef_query;enumerable_input;cancellation_token;suppressed_nullable;query_materialization
src/Services/Bidding/Bidding.Infrastructure/Repositories/CachedAuctionSnapshotRepository.cs,cs,52,b6c67d4ae4bc94c5,C# included in project-tree scan,automated inspection,cancellation_token
src/Services/Bidding/Bidding.Infrastructure/Services/AuctionBidFinalizationService.cs,cs,29,014469180024a244,C# included in project-tree scan,automated inspection,cancellation_token
src/Services/Bidding/Bidding.Infrastructure/Services/AuthoritativeBidReader.cs,cs,30,fc0c569bfdb23e38,C# included in project-tree scan,automated inspection,cancellation_token
src/Services/Bidding/tests/Bidding.Application.Tests/AssemblyReferenceTests.cs,cs,16,1c889681cd5589cc,C# included in project-tree scan,automated inspection,
src/Services/Bidding/tests/Bidding.Application.Tests/AutoBidOwnershipTests.cs,cs,46,6a64dba4e24bf281,C# included in project-tree scan,automated inspection,cancellation_token;suppressed_nullable
src/Services/Bidding/tests/Bidding.Application.Tests/BidEventOrderingTests.cs,cs,60,f9a238290f1062b1,C# included in project-tree scan,automated inspection,suppressed_nullable;external_call
src/Services/Bidding/tests/Bidding.Application.Tests/BidPlacementServiceTests.cs,cs,175,f6fb732d70ae3af0,C# included in project-tree scan,automated inspection,cancellation_token;suppressed_nullable
src/Services/Bidding/tests/Bidding.Application.Tests/Bidding.Application.Tests.csproj,csproj,15,4dc7f2be0865dd2b,xml parsed,automated inspection,
src/Services/Bidding/tests/Bidding.Domain.Tests/AssemblyReferenceTests.cs,cs,16,2f181624cfb896f2,C# included in project-tree scan,automated inspection,
src/Services/Bidding/tests/Bidding.Domain.Tests/Bidding.Domain.Tests.csproj,csproj,15,cb099bfab526ff0f,xml parsed,automated inspection,
src/Services/Bidding/tests/Bidding.Infrastructure.Tests/AuctionBidFinalizationServiceTests.cs,cs,108,74da521135b7f271,C# included in project-tree scan,automated inspection,parallel_work;cancellation_token;manual_time
src/Services/Bidding/tests/Bidding.Infrastructure.Tests/Bidding.Infrastructure.Tests.csproj,csproj,14,8359fd464e59a3ae,xml parsed,automated inspection,
src/Services/Catalog/Catalog.Api/Catalog.Api.csproj,csproj,33,9ee7edcea9132ab8,xml parsed,automated inspection,
src/Services/Catalog/Catalog.Api/Dockerfile,Dockerfile,56,e783fe62d02cecae,Dockerfile FROM present,automated inspection,
src/Services/Catalog/Catalog.Api/Endpoints/Brands/BrandEndpoints.cs,cs,99,5f0e72d2088866d7,C# included in project-tree scan,automated inspection,cancellation_token;http_routes;authorization;suppressed_nullable
src/Services/Catalog/Catalog.Api/Endpoints/Categories/CategoryEndpoints.cs,cs,102,bc77eb20bb0c473b,C# included in project-tree scan,automated inspection,cancellation_token;http_routes;authorization;suppressed_nullable
src/Services/Catalog/Catalog.Api/Extensions/ServiceExtensions.cs,cs,46,dd49347b72d17d01,C# included in project-tree scan,automated inspection,
src/Services/Catalog/Catalog.Api/GlobalUsings.cs,cs,16,8b5094142de90adf,C# included in project-tree scan,automated inspection,
src/Services/Catalog/Catalog.Api/Grpc/CatalogGrpcService.cs,cs,71,cd09813701406dcd,C# included in project-tree scan,automated inspection,cancellation_token
src/Services/Catalog/Catalog.Api/Program.cs,cs,87,bafb1dba0af26935,C# included in project-tree scan,automated inspection,
src/Services/Catalog/Catalog.Api/appsettings.Production.json,json,25,d98b085c6d686439,json parsed,automated inspection,
src/Services/Catalog/Catalog.Api/appsettings.json,json,56,7bf5ab2736e48db4,json parsed,automated inspection,configuration_secret_field
src/Services/Catalog/Catalog.Application/Catalog.Application.csproj,csproj,22,06ae05cc7270953f,xml parsed,automated inspection,
src/Services/Catalog/Catalog.Application/DTOs/CatalogDtos.cs,cs,76,25c9142a81587206,C# included in project-tree scan,automated inspection,
src/Services/Catalog/Catalog.Application/Errors/CatalogErrors.cs,cs,22,924a538e56a4a8e2,C# included in project-tree scan,automated inspection,
src/Services/Catalog/Catalog.Application/EventHandlers/BrandUpdatedDomainEventHandler.cs,cs,32,0ce3d2611d641d90,C# included in project-tree scan,automated inspection,cancellation_token;external_call
src/Services/Catalog/Catalog.Application/EventHandlers/CategoryUpdatedDomainEventHandler.cs,cs,32,39355f6c04c2ff44,C# included in project-tree scan,automated inspection,cancellation_token;external_call
src/Services/Catalog/Catalog.Application/Features/Brands/CreateBrand/CreateBrandCommand.cs,cs,7,a96a86a8fe36c367,C# included in project-tree scan,automated inspection,
src/Services/Catalog/Catalog.Application/Features/Brands/CreateBrand/CreateBrandCommandHandler.cs,cs,49,549cf637da470fa7,C# included in project-tree scan,automated inspection,ef_save;cancellation_token
src/Services/Catalog/Catalog.Application/Features/Brands/CreateBrand/CreateBrandCommandValidator.cs,cs,14,1e7ffe99f19f18a1,C# included in project-tree scan,automated inspection,
src/Services/Catalog/Catalog.Application/Features/Brands/DeleteBrand/DeleteBrandCommand.cs,cs,3,627d4b65db51f377,C# included in project-tree scan,automated inspection,
src/Services/Catalog/Catalog.Application/Features/Brands/DeleteBrand/DeleteBrandCommandHandler.cs,cs,34,84319e2ad4161eaf,C# included in project-tree scan,automated inspection,ef_save;cancellation_token
src/Services/Catalog/Catalog.Application/Features/Brands/GetBrandById/GetBrandByIdQuery.cs,cs,3,1af4cdfabd7ae1a0,C# included in project-tree scan,automated inspection,
src/Services/Catalog/Catalog.Application/Features/Brands/GetBrandById/GetBrandByIdQueryHandler.cs,cs,25,7b6dc31ba963517e,C# included in project-tree scan,automated inspection,cancellation_token
src/Services/Catalog/Catalog.Application/Features/Brands/GetBrands/GetBrandsQuery.cs,cs,10,baece6581e61a0d4,C# included in project-tree scan,automated inspection,
src/Services/Catalog/Catalog.Application/Features/Brands/GetBrands/GetBrandsQueryHandler.cs,cs,33,2ebaaff86ec8a0ba,C# included in project-tree scan,automated inspection,cancellation_token
src/Services/Catalog/Catalog.Application/Features/Brands/UpdateBrand/UpdateBrandCommand.cs,cs,9,72464efe90d38b71,C# included in project-tree scan,automated inspection,
src/Services/Catalog/Catalog.Application/Features/Brands/UpdateBrand/UpdateBrandCommandHandler.cs,cs,49,d50056e754c4091e,C# included in project-tree scan,automated inspection,ef_save;cancellation_token
src/Services/Catalog/Catalog.Application/Features/Brands/UpdateBrand/UpdateBrandCommandValidator.cs,cs,15,837505038ad317b5,C# included in project-tree scan,automated inspection,suppressed_nullable
src/Services/Catalog/Catalog.Application/Features/Categories/CreateCategory/CreateCategoryCommand.cs,cs,9,254a6636e4da0304,C# included in project-tree scan,automated inspection,
src/Services/Catalog/Catalog.Application/Features/Categories/CreateCategory/CreateCategoryCommandHandler.cs,cs,60,90286561744e46b0,C# included in project-tree scan,automated inspection,ef_save;cancellation_token
src/Services/Catalog/Catalog.Application/Features/Categories/CreateCategory/CreateCategoryCommandValidator.cs,cs,15,00fa6a3b21aafd62,C# included in project-tree scan,automated inspection,
src/Services/Catalog/Catalog.Application/Features/Categories/DeleteCategory/DeleteCategoryCommand.cs,cs,3,095f38a304f09cfb,C# included in project-tree scan,automated inspection,
src/Services/Catalog/Catalog.Application/Features/Categories/DeleteCategory/DeleteCategoryCommandHandler.cs,cs,37,40558b2770484144,C# included in project-tree scan,automated inspection,ef_save;cancellation_token
src/Services/Catalog/Catalog.Application/Features/Categories/GetCategories/GetCategoriesQuery.cs,cs,3,3c68bc87942ca56c,C# included in project-tree scan,automated inspection,
src/Services/Catalog/Catalog.Application/Features/Categories/GetCategories/GetCategoriesQueryHandler.cs,cs,21,a7365c784baad1c5,C# included in project-tree scan,automated inspection,cancellation_token
src/Services/Catalog/Catalog.Application/Features/Categories/GetCategoryById/GetCategoryByIdQuery.cs,cs,3,5d64bd2845de7ebf,C# included in project-tree scan,automated inspection,
src/Services/Catalog/Catalog.Application/Features/Categories/GetCategoryById/GetCategoryByIdQueryHandler.cs,cs,25,226a7c06eb559911,C# included in project-tree scan,automated inspection,cancellation_token
src/Services/Catalog/Catalog.Application/Features/Categories/GetCategoryTree/GetCategoryTreeQuery.cs,cs,3,1f0c9c3b49131b43,C# included in project-tree scan,automated inspection,
src/Services/Catalog/Catalog.Application/Features/Categories/GetCategoryTree/GetCategoryTreeQueryHandler.cs,cs,37,665e7eb9fbe4d1a9,C# included in project-tree scan,automated inspection,cancellation_token;query_materialization
src/Services/Catalog/Catalog.Application/Features/Categories/UpdateCategory/UpdateCategoryCommand.cs,cs,11,8a0e0f71c7ed7747,C# included in project-tree scan,automated inspection,
src/Services/Catalog/Catalog.Application/Features/Categories/UpdateCategory/UpdateCategoryCommandHandler.cs,cs,76,f01143e9c5ecf475,C# included in project-tree scan,focused manual inspection,ef_save;cancellation_token
src/Services/Catalog/Catalog.Application/Features/Categories/UpdateCategory/UpdateCategoryCommandValidator.cs,cs,16,9073e1e4e1ebe762,C# included in project-tree scan,automated inspection,
src/Services/Catalog/Catalog.Application/Filtering/BrandQueryParams.cs,cs,10,14349c634ecc65af,C# included in project-tree scan,automated inspection,
src/Services/Catalog/Catalog.Application/GlobalUsings.cs,cs,13,be95f0f6713b0248,C# included in project-tree scan,automated inspection,
src/Services/Catalog/Catalog.Application/Interfaces/IBrandRepository.cs,cs,15,c69f14be4d1c961e,C# included in project-tree scan,automated inspection,cancellation_token
src/Services/Catalog/Catalog.Application/Interfaces/ICategoryRepository.cs,cs,15,225ae2c6036f2c26,C# included in project-tree scan,automated inspection,enumerable_input;cancellation_token
src/Services/Catalog/Catalog.Application/Mappings/CatalogMappingProfile.cs,cs,19,a6b66891d7eb4e5b,C# included in project-tree scan,automated inspection,
src/Services/Catalog/Catalog.Application/Resources/CatalogResources.cs,cs,3,a914191f9a69fc2b,C# included in project-tree scan,automated inspection,
src/Services/Catalog/Catalog.Application/Resources/CatalogResources.ja-JP.resx,resx,32,74f55f08c734ed7a,xml parsed,automated inspection,
src/Services/Catalog/Catalog.Application/Resources/CatalogResources.resx,resx,32,9c1451682c337dbb,xml parsed,automated inspection,
src/Services/Catalog/Catalog.Contracts/Catalog.Contracts.csproj,csproj,23,199512b4ad72c3a9,xml parsed,automated inspection,
src/Services/Catalog/Catalog.Contracts/Events/BrandUpdatedEvent.cs,cs,7,49291ea18e03ba44,C# included in project-tree scan,automated inspection,
src/Services/Catalog/Catalog.Contracts/Events/CategoryUpdatedEvent.cs,cs,7,4f43449a18543986,C# included in project-tree scan,automated inspection,
src/Services/Catalog/Catalog.Contracts/Protos/catalog.proto,proto,30,153953710911fe3c,proto3 declaration present,automated inspection,
src/Services/Catalog/Catalog.Domain/Catalog.Domain.csproj,csproj,14,d77ab499e6af491f,xml parsed,automated inspection,
src/Services/Catalog/Catalog.Domain/Entities/Brand.cs,cs,85,115d0e0225be55b3,C# included in project-tree scan,automated inspection,domain_events
src/Services/Catalog/Catalog.Domain/Entities/Category.cs,cs,109,89263211c6bdfac7,C# included in project-tree scan,automated inspection,domain_events
src/Services/Catalog/Catalog.Domain/Entities/MediaFile.cs,cs,23,a6932f664b035d95,C# included in project-tree scan,automated inspection,
src/Services/Catalog/Catalog.Domain/Events/BrandDomainEvents.cs,cs,23,4d9f6dd08908910d,C# included in project-tree scan,automated inspection,domain_events
src/Services/Catalog/Catalog.Domain/Events/CategoryDomainEvents.cs,cs,24,c77230aa8410dd15,C# included in project-tree scan,automated inspection,domain_events
src/Services/Catalog/Catalog.Infrastructure/Catalog.Infrastructure.csproj,csproj,33,4a52ac161c2e21f5,xml parsed,automated inspection,
src/Services/Catalog/Catalog.Infrastructure/Extensions/MassTransitOutboxExtensions.cs,cs,55,e3218b60843eaad0,C# included in project-tree scan,automated inspection,
src/Services/Catalog/Catalog.Infrastructure/GlobalUsings.cs,cs,6,ad35de94c5811a4b,C# included in project-tree scan,automated inspection,
src/Services/Catalog/Catalog.Infrastructure/Persistence/CatalogDbContext.cs,cs,36,0ec402e29bfe4940,C# included in project-tree scan,automated inspection,
src/Services/Catalog/Catalog.Infrastructure/Persistence/CatalogDbContextFactory.cs,cs,16,f41b4ce1221d6bc4,C# included in project-tree scan,automated inspection,
src/Services/Catalog/Catalog.Infrastructure/Persistence/CatalogUnitOfWork.cs,cs,12,13326fec8686066f,C# included in project-tree scan,automated inspection,
src/Services/Catalog/Catalog.Infrastructure/Persistence/Configurations/BrandConfiguration.cs,cs,52,8e5b821eafc7d810,C# included in project-tree scan,automated inspection,
src/Services/Catalog/Catalog.Infrastructure/Persistence/Configurations/CategoryConfiguration.cs,cs,62,78ea3b74c594a645,C# included in project-tree scan,automated inspection,
src/Services/Catalog/Catalog.Infrastructure/Persistence/Migrations/20260730153606_InitialCreate.Designer.cs,cs,392,ae8bd3f989b2d88c,C# included in project-tree scan,automated inspection,
src/Services/Catalog/Catalog.Infrastructure/Persistence/Migrations/20260730153606_InitialCreate.cs,cs,240,eb425ce2a16e22e3,C# included in project-tree scan,automated inspection,
src/Services/Catalog/Catalog.Infrastructure/Persistence/Migrations/CatalogDbContextModelSnapshot.cs,cs,389,c8ff708eac7e148a,C# included in project-tree scan,automated inspection,
src/Services/Catalog/Catalog.Infrastructure/Persistence/Repositories/BrandQueries.cs,cs,36,0deb72db2ea346d7,C# included in project-tree scan,automated inspection,
src/Services/Catalog/Catalog.Infrastructure/Persistence/Repositories/BrandRepository.cs,cs,77,38e16d60d06e351a,C# included in project-tree scan,automated inspection,async_ef_query;cancellation_token;query_materialization
src/Services/Catalog/Catalog.Infrastructure/Persistence/Repositories/CategoryRepository.cs,cs,141,66e59a91f2302308,C# included in project-tree scan,focused manual inspection,async_ef_query;enumerable_input;cancellation_token;query_materialization
src/Services/Catalog/tests/Catalog.Application.Tests/AssemblyReferenceTests.cs,cs,16,82db925999b8cbb5,C# included in project-tree scan,automated inspection,
src/Services/Catalog/tests/Catalog.Application.Tests/Catalog.Application.Tests.csproj,csproj,15,44925695f60f39c0,xml parsed,automated inspection,
src/Services/Catalog/tests/Catalog.Application.Tests/CatalogBehaviorTests.cs,cs,202,2a156cf7e643ea47,C# included in project-tree scan,automated inspection,enumerable_input;suppressed_nullable
src/Services/Catalog/tests/Catalog.Application.Tests/CatalogValidationTests.cs,cs,95,253885e08bdf25df,C# included in project-tree scan,automated inspection,suppressed_nullable
src/Services/Catalog/tests/Catalog.Domain.Tests/AssemblyReferenceTests.cs,cs,16,7a89df15c71ff807,C# included in project-tree scan,automated inspection,
src/Services/Catalog/tests/Catalog.Domain.Tests/Catalog.Domain.Tests.csproj,csproj,15,44756e0b79e0ec92,xml parsed,automated inspection,
src/Services/Catalog/tests/Catalog.Infrastructure.Tests/BrandQueryTests.cs,cs,71,9badffa9f5e32571,C# included in project-tree scan,automated inspection,manual_time
src/Services/Catalog/tests/Catalog.Infrastructure.Tests/Catalog.Infrastructure.Tests.csproj,csproj,15,c77a6f0d684c03a6,xml parsed,automated inspection,
src/Services/Identity/Identity.Api/Dockerfile,Dockerfile,57,e1f3737d7b529d67,Dockerfile FROM present,automated inspection,
src/Services/Identity/Identity.Api/Endpoints/Auth/AuthEndpoints.cs,cs,372,bde7e265ba8a71c4,C# included in project-tree scan,automated inspection,cancellation_token;http_routes;authorization;suppressed_nullable
src/Services/Identity/Identity.Api/Endpoints/Profile/ProfileEndpoints.cs,cs,94,ad72d5b39029eba4,C# included in project-tree scan,automated inspection,cancellation_token;http_routes;authorization;suppressed_nullable
src/Services/Identity/Identity.Api/Endpoints/RolePermissions/RolePermissionEndpoints.cs,cs,139,78436ac6a28d179f,C# included in project-tree scan,automated inspection,enumerable_input;cancellation_token;http_routes;authorization
src/Services/Identity/Identity.Api/Endpoints/TwoFactor/TwoFactorEndpoints.cs,cs,168,eb7abcf0f6093caa,C# included in project-tree scan,automated inspection,cancellation_token;http_routes;authorization;suppressed_nullable
src/Services/Identity/Identity.Api/Endpoints/Users/UserEndpoints.cs,cs,241,4e6eeff50e75ed9b,C# included in project-tree scan,automated inspection,cancellation_token;http_routes;authorization;suppressed_nullable
src/Services/Identity/Identity.Api/Extensions/DependencyInjection/AuthenticationExtensions.cs,cs,105,dd832da32e94d313,C# included in project-tree scan,automated inspection,
src/Services/Identity/Identity.Api/Extensions/DependencyInjection/IdentityExtensions.cs,cs,50,b62d4fc7eda5e4b6,C# included in project-tree scan,automated inspection,
src/Services/Identity/Identity.Api/Extensions/DependencyInjection/RateLimitingExtensions.cs,cs,84,bc2875701132d8e1,C# included in project-tree scan,automated inspection,
src/Services/Identity/Identity.Api/Extensions/DependencyInjection/ServiceCollectionExtensions.cs,cs,114,c5962739fb067214,C# included in project-tree scan,automated inspection,
src/Services/Identity/Identity.Api/GlobalUsings.cs,cs,10,cfa59ab3373663f5,C# included in project-tree scan,automated inspection,
src/Services/Identity/Identity.Api/Helpers/CookieHelper.cs,cs,89,ed5acaee0c641207,C# included in project-tree scan,automated inspection,manual_time
src/Services/Identity/Identity.Api/Helpers/HttpContextHelper.cs,cs,9,e4c9dfeae78206ac,C# included in project-tree scan,automated inspection,
src/Services/Identity/Identity.Api/HostingExtensions.cs,cs,105,30985cfa7888e210,C# included in project-tree scan,automated inspection,
src/Services/Identity/Identity.Api/Identity.Api.csproj,csproj,34,b121b43e705c5caa,xml parsed,automated inspection,
src/Services/Identity/Identity.Api/Program.cs,cs,55,946db9a11d96381d,C# included in project-tree scan,automated inspection,broad_exception_catch
src/Services/Identity/Identity.Api/Properties/launchSettings.json,json,12,9982dd3b475a4fc7,json parsed,automated inspection,
src/Services/Identity/Identity.Api/Resources/IdentityResources.cs,cs,3,b4c38f49aaaf1643,C# included in project-tree scan,automated inspection,
src/Services/Identity/Identity.Api/Resources/IdentityResources.ja-JP.resx,resx,83,7d6224754d146396,xml parsed,automated inspection,
src/Services/Identity/Identity.Api/Resources/IdentityResources.resx,resx,83,b7041b8065be9933,xml parsed,automated inspection,
src/Services/Identity/Identity.Api/SeedData.cs,cs,231,68eb20bd67c47755,C# included in project-tree scan,automated inspection,async_ef_query;ef_save;manual_time;suppressed_nullable;query_materialization
src/Services/Identity/Identity.Api/appsettings.Production.json,json,17,26bbf1c753ad6cf3,json parsed,automated inspection,
src/Services/Identity/Identity.Api/appsettings.json,json,56,4941b62ccd1719c8,json parsed,automated inspection,configuration_secret_field
src/Services/Identity/Identity.Application/DTOs/Audit/AuditDataModels.cs,cs,54,761861ccf1e54fa9,C# included in project-tree scan,automated inspection,manual_time;query_materialization
src/Services/Identity/Identity.Application/DTOs/Auth/AuthDtos.cs,cs,144,192cd50fd1670861,C# included in project-tree scan,automated inspection,suppressed_nullable
src/Services/Identity/Identity.Application/DTOs/External/ExternalAuthDtos.cs,cs,56,0ff3834153766e23,C# included in project-tree scan,automated inspection,
src/Services/Identity/Identity.Application/DTOs/Profile/ProfileDtos.cs,cs,27,962b0ddd2350cbfe,C# included in project-tree scan,automated inspection,
src/Services/Identity/Identity.Application/DTOs/Seller/SellerDtos.cs,cs,13,fd3646020da39939,C# included in project-tree scan,automated inspection,
src/Services/Identity/Identity.Application/DTOs/TwoFactor/TwoFactorDtos.cs,cs,55,245faa4c65aeffe5,C# included in project-tree scan,automated inspection,
src/Services/Identity/Identity.Application/DTOs/Users/UserDtos.cs,cs,51,ae5f08e47154557b,C# included in project-tree scan,automated inspection,
src/Services/Identity/Identity.Application/Errors/IdentityErrors.cs,cs,85,9107c758e3c1d724,C# included in project-tree scan,automated inspection,enumerable_input
src/Services/Identity/Identity.Application/EventHandlers/EmailNotificationRequestedDomainEventHandler.cs,cs,40,f7ea94288086c8a0,C# included in project-tree scan,automated inspection,cancellation_token;external_call
src/Services/Identity/Identity.Application/EventHandlers/PasswordChangedDomainEventHandler.cs,cs,35,6ef41a8a7c1f27ce,C# included in project-tree scan,automated inspection,cancellation_token;external_call
src/Services/Identity/Identity.Application/EventHandlers/SecurityAlertDomainEventHandler.cs,cs,39,79f47bc707539521,C# included in project-tree scan,automated inspection,cancellation_token;external_call
src/Services/Identity/Identity.Application/EventHandlers/TwoFactorDisabledDomainEventHandler.cs,cs,36,a7784ffeff85fc86,C# included in project-tree scan,automated inspection,cancellation_token;external_call
src/Services/Identity/Identity.Application/EventHandlers/TwoFactorEnabledDomainEventHandler.cs,cs,36,06c0d097246c5ddc,C# included in project-tree scan,automated inspection,cancellation_token;external_call
src/Services/Identity/Identity.Application/EventHandlers/UserCreatedDomainEventHandler.cs,cs,39,61deb1b3fca7f642,C# included in project-tree scan,automated inspection,cancellation_token;external_call
src/Services/Identity/Identity.Application/EventHandlers/UserDeletedDomainEventHandler.cs,cs,35,3be2584ea72c3bee,C# included in project-tree scan,automated inspection,cancellation_token;external_call
src/Services/Identity/Identity.Application/EventHandlers/UserEmailConfirmedDomainEventHandler.cs,cs,36,c11eb1273608b792,C# included in project-tree scan,automated inspection,cancellation_token;external_call
src/Services/Identity/Identity.Application/EventHandlers/UserLoginDomainEventHandler.cs,cs,36,4aff01ac8bbf9f6c,C# included in project-tree scan,automated inspection,cancellation_token;external_call
src/Services/Identity/Identity.Application/EventHandlers/UserReactivatedDomainEventHandler.cs,cs,35,708ff22e0ca71288,C# included in project-tree scan,automated inspection,cancellation_token;external_call
src/Services/Identity/Identity.Application/EventHandlers/UserRoleChangedDomainEventHandler.cs,cs,37,47d905871c080fef,C# included in project-tree scan,automated inspection,cancellation_token;external_call
src/Services/Identity/Identity.Application/EventHandlers/UserSuspendedDomainEventHandler.cs,cs,36,087061d11478dbe1,C# included in project-tree scan,automated inspection,cancellation_token;external_call
src/Services/Identity/Identity.Application/EventHandlers/UserUpdatedDomainEventHandler.cs,cs,38,a459682bf440c85b,C# included in project-tree scan,automated inspection,cancellation_token;external_call
src/Services/Identity/Identity.Application/Features/Auth/Commands/ChangePassword/ChangePasswordCommand.cs,cs,32,ec8ec205ace509f3,C# included in project-tree scan,automated inspection,cancellation_token;query_materialization
src/Services/Identity/Identity.Application/Features/Auth/Commands/ConfirmEmail/ConfirmEmailCommand.cs,cs,56,c12d0fe3a5737130,C# included in project-tree scan,automated inspection,cancellation_token;suppressed_nullable;query_materialization
src/Services/Identity/Identity.Application/Features/Auth/Commands/ExchangeCodeForTokens/ExchangeCodeForTokensCommand.cs,cs,43,2f61e975637134d6,C# included in project-tree scan,automated inspection,cancellation_token
src/Services/Identity/Identity.Application/Features/Auth/Commands/ForgotPassword/ForgotPasswordCommand.cs,cs,48,04b5822f88e696ea,C# included in project-tree scan,automated inspection,cancellation_token;suppressed_nullable
src/Services/Identity/Identity.Application/Features/Auth/Commands/GenerateAuthCode/GenerateAuthCodeCommand.cs,cs,28,250490fcf38c08d2,C# included in project-tree scan,automated inspection,cancellation_token
src/Services/Identity/Identity.Application/Features/Auth/Commands/Login/LoginCommand.cs,cs,73,e5d77c2dd0b21a5a,C# included in project-tree scan,automated inspection,cancellation_token;suppressed_nullable
src/Services/Identity/Identity.Application/Features/Auth/Commands/LoginWith2FA/LoginWith2FACommand.cs,cs,52,45a3c3317a4543b4,C# included in project-tree scan,automated inspection,cancellation_token
src/Services/Identity/Identity.Application/Features/Auth/Commands/Logout/LogoutCommand.cs,cs,37,18f8540e6b91f3f7,C# included in project-tree scan,automated inspection,cancellation_token
src/Services/Identity/Identity.Application/Features/Auth/Commands/LogoutAll/LogoutAllCommand.cs,cs,25,767069bc9afe0b8b,C# included in project-tree scan,automated inspection,cancellation_token
src/Services/Identity/Identity.Application/Features/Auth/Commands/ProcessExternalLogin/ProcessExternalLoginCommand.cs,cs,94,025219e35ce89b09,C# included in project-tree scan,automated inspection,cancellation_token;manual_time;suppressed_nullable;query_materialization
src/Services/Identity/Identity.Application/Features/Auth/Commands/RefreshToken/RefreshTokenCommand.cs,cs,44,dc752851b8df3b71,C# included in project-tree scan,automated inspection,cancellation_token;suppressed_nullable
src/Services/Identity/Identity.Application/Features/Auth/Commands/Register/RegisterCommand.cs,cs,87,3f19346b1a950a35,C# included in project-tree scan,automated inspection,cancellation_token;suppressed_nullable;query_materialization;external_call
src/Services/Identity/Identity.Application/Features/Auth/Commands/ResendConfirmation/ResendConfirmationCommand.cs,cs,48,0f91892f58a64e26,C# included in project-tree scan,automated inspection,cancellation_token;suppressed_nullable
src/Services/Identity/Identity.Application/Features/Auth/Commands/ResetPassword/ResetPasswordCommand.cs,cs,41,f43c710d6c83dcb5,C# included in project-tree scan,automated inspection,cancellation_token;query_materialization
src/Services/Identity/Identity.Application/Features/Auth/Commands/RevokeToken/RevokeTokenCommand.cs,cs,23,ecfd804651178717,C# included in project-tree scan,automated inspection,cancellation_token
src/Services/Identity/Identity.Application/Features/Auth/Helpers/AuthHelper.cs,cs,105,190e293e1c2df5f7,C# included in project-tree scan,automated inspection,manual_time;suppressed_nullable;query_materialization;external_call
src/Services/Identity/Identity.Application/Features/Auth/Helpers/IAuthHelper.cs,cs,12,9567e22f807fbf0d,C# included in project-tree scan,automated inspection,
src/Services/Identity/Identity.Application/Features/Auth/Queries/CheckEmailAvailability/CheckEmailAvailabilityQuery.cs,cs,23,1fb58ffe82942d4c,C# included in project-tree scan,automated inspection,cancellation_token
src/Services/Identity/Identity.Application/Features/Auth/Queries/CheckUsernameAvailability/CheckUsernameAvailabilityQuery.cs,cs,23,0a76b0502d7452ec,C# included in project-tree scan,automated inspection,cancellation_token
src/Services/Identity/Identity.Application/Features/Auth/Queries/GetCurrentUser/GetCurrentUserQuery.cs,cs,29,1c9f4e3c63af90ae,C# included in project-tree scan,automated inspection,cancellation_token;query_materialization
src/Services/Identity/Identity.Application/Features/Auth/Queries/GetExternalLoginInfo/GetExternalLoginInfoQuery.cs,cs,19,d0046730f0707d2b,C# included in project-tree scan,automated inspection,cancellation_token
src/Services/Identity/Identity.Application/Features/Profile/Commands/ChangePassword/ChangePasswordCommand.cs,cs,50,7bcb7dca86e9c539,C# included in project-tree scan,automated inspection,cancellation_token;suppressed_nullable;external_call
src/Services/Identity/Identity.Application/Features/Profile/Commands/UpdateProfile/UpdateProfileCommand.cs,cs,67,6b70882b0a2c3f6c,C# included in project-tree scan,automated inspection,cancellation_token;query_materialization;external_call
src/Services/Identity/Identity.Application/Features/Profile/Queries/GetProfile/GetProfileQuery.cs,cs,28,341da031637a2ed4,C# included in project-tree scan,automated inspection,cancellation_token;query_materialization
src/Services/Identity/Identity.Application/Features/RolePermissions/Commands/GrantPermission/GrantPermissionCommand.cs,cs,48,e0035f682c54908f,C# included in project-tree scan,automated inspection,async_ef_query;ef_save;cancellation_token;manual_time
src/Services/Identity/Identity.Application/Features/RolePermissions/Commands/RevokePermission/RevokePermissionCommand.cs,cs,29,ab93c1218d3818b0,C# included in project-tree scan,automated inspection,async_ef_query;ef_save;cancellation_token;manual_time
src/Services/Identity/Identity.Application/Features/RolePermissions/Commands/SetPermissions/SetPermissionsCommand.cs,cs,52,157c653e2244a538,C# included in project-tree scan,automated inspection,async_ef_query;ef_save;enumerable_input;cancellation_token;manual_time;query_materialization
src/Services/Identity/Identity.Application/Features/RolePermissions/Queries/GetAllPermissionDefinitions/GetAllPermissionDefinitionsQuery.cs,cs,75,ff54e19762ccc686,C# included in project-tree scan,automated inspection,cancellation_token
src/Services/Identity/Identity.Application/Features/RolePermissions/Queries/GetAllRoles/GetAllRolesQuery.cs,cs,43,2f7b3f6abf1f5791,C# included in project-tree scan,automated inspection,async_ef_query;cancellation_token;query_materialization
src/Services/Identity/Identity.Application/Features/RolePermissions/Queries/GetPermissionsForRole/GetPermissionsForRoleQuery.cs,cs,26,9864d771f0b0f5c3,C# included in project-tree scan,automated inspection,async_ef_query;cancellation_token;query_materialization
src/Services/Identity/Identity.Application/Features/RolePermissions/Queries/GetPermissionsForRoles/GetPermissionsForRolesQuery.cs,cs,48,e5a7f5922e768fb2,C# included in project-tree scan,automated inspection,async_ef_query;enumerable_input;cancellation_token;suppressed_nullable;query_materialization
src/Services/Identity/Identity.Application/Features/RolePermissions/Queries/GetRoleById/GetRoleByIdQuery.cs,cs,33,5a78b51c5fab9d0f,C# included in project-tree scan,automated inspection,async_ef_query;cancellation_token;query_materialization
src/Services/Identity/Identity.Application/Features/RolePermissions/Queries/GetRoleByName/GetRoleByNameQuery.cs,cs,33,533331f069b83263,C# included in project-tree scan,automated inspection,async_ef_query;cancellation_token;query_materialization
src/Services/Identity/Identity.Application/Features/TwoFactor/Commands/DisableAuthenticator/DisableAuthenticatorCommand.cs,cs,54,79e496ade36c0c0c,C# included in project-tree scan,automated inspection,cancellation_token;suppressed_nullable;external_call
src/Services/Identity/Identity.Application/Features/TwoFactor/Commands/DisableByAdmin/DisableByAdminCommand.cs,cs,32,7447d6ce7488214a,C# included in project-tree scan,automated inspection,cancellation_token
src/Services/Identity/Identity.Application/Features/TwoFactor/Commands/EnableAuthenticator/EnableAuthenticatorCommand.cs,cs,58,985105e971696c81,C# included in project-tree scan,automated inspection,cancellation_token;suppressed_nullable;query_materialization;external_call
src/Services/Identity/Identity.Application/Features/TwoFactor/Commands/ForgetBrowser/ForgetBrowserCommand.cs,cs,20,cde1f915cd890381,C# included in project-tree scan,automated inspection,cancellation_token
src/Services/Identity/Identity.Application/Features/TwoFactor/Commands/GenerateRecoveryCodes/GenerateRecoveryCodesCommand.cs,cs,32,5fdd43e011a7faeb,C# included in project-tree scan,automated inspection,cancellation_token;query_materialization
src/Services/Identity/Identity.Application/Features/TwoFactor/Commands/ResetByAdmin/ResetByAdminCommand.cs,cs,26,25d7a48e276a0988,C# included in project-tree scan,automated inspection,cancellation_token
src/Services/Identity/Identity.Application/Features/TwoFactor/Commands/SetupAuthenticator/SetupAuthenticatorCommand.cs,cs,39,b679488cfb486282,C# included in project-tree scan,automated inspection,cancellation_token;suppressed_nullable
src/Services/Identity/Identity.Application/Features/TwoFactor/Queries/GetStatus/GetStatusQuery.cs,cs,41,9fae87985a2f94c3,C# included in project-tree scan,focused manual inspection,parallel_work;cancellation_token
src/Services/Identity/Identity.Application/Features/TwoFactor/Queries/GetStatusByAdmin/GetStatusByAdminQuery.cs,cs,38,8ec6ad83d0eeddc0,C# included in project-tree scan,focused manual inspection,parallel_work;cancellation_token
src/Services/Identity/Identity.Application/Features/Users/Commands/ActivateUser/ActivateUserCommand.cs,cs,28,59e19de7ea790a9b,C# included in project-tree scan,automated inspection,cancellation_token
src/Services/Identity/Identity.Application/Features/Users/Commands/ApplyForSeller/ApplyForSellerCommand.cs,cs,55,dd247e99946591ef,C# included in project-tree scan,automated inspection,cancellation_token;suppressed_nullable;query_materialization
src/Services/Identity/Identity.Application/Features/Users/Commands/DeactivateUser/DeactivateUserCommand.cs,cs,28,3b7dd0382049cfa8,C# included in project-tree scan,automated inspection,cancellation_token
src/Services/Identity/Identity.Application/Features/Users/Commands/DeleteUser/DeleteUserCommand.cs,cs,49,d25e3ef32e286544,C# included in project-tree scan,automated inspection,cancellation_token;suppressed_nullable;external_call
src/Services/Identity/Identity.Application/Features/Users/Commands/SuspendUser/SuspendUserCommand.cs,cs,34,81596253af242d7c,C# included in project-tree scan,automated inspection,cancellation_token;manual_time;suppressed_nullable
src/Services/Identity/Identity.Application/Features/Users/Commands/UnsuspendUser/UnsuspendUserCommand.cs,cs,34,523d3ef3fc9a921a,C# included in project-tree scan,automated inspection,cancellation_token;suppressed_nullable
src/Services/Identity/Identity.Application/Features/Users/Commands/UpdateUserRoles/UpdateUserRolesCommand.cs,cs,62,5945ade80180ec52,C# included in project-tree scan,automated inspection,enumerable_input;cancellation_token;suppressed_nullable;query_materialization;external_call
src/Services/Identity/Identity.Application/Features/Users/Helpers/UserHelper.cs,cs,68,4347814a29e9108a,C# included in project-tree scan,automated inspection,cancellation_token;query_materialization;external_call
src/Services/Identity/Identity.Application/Features/Users/Queries/GetAdminStats/GetAdminStatsQuery.cs,cs,36,23ed93f0a4864b87,C# included in project-tree scan,automated inspection,async_ef_query;cancellation_token;manual_time
src/Services/Identity/Identity.Application/Features/Users/Queries/GetSellerStatus/GetSellerStatusQuery.cs,cs,32,5309aeb698297a20,C# included in project-tree scan,automated inspection,cancellation_token;query_materialization
src/Services/Identity/Identity.Application/Features/Users/Queries/GetUserById/GetUserByIdQuery.cs,cs,28,dd9df65317a7184c,C# included in project-tree scan,automated inspection,cancellation_token;query_materialization
src/Services/Identity/Identity.Application/Features/Users/Queries/GetUsers/GetUsersQuery.cs,cs,74,ba0471dec7cd90b3,C# included in project-tree scan,automated inspection,async_ef_query;cancellation_token;suppressed_nullable;query_materialization
src/Services/Identity/Identity.Application/Filters/UserFilters.cs,cs,34,a3090e33b7971b91,C# included in project-tree scan,automated inspection,suppressed_nullable
src/Services/Identity/Identity.Application/Filters/UserSortMap.cs,cs,19,bfa010283a74c612,C# included in project-tree scan,automated inspection,suppressed_nullable
src/Services/Identity/Identity.Application/GlobalUsings.cs,cs,24,16b9266c0e8bf29d,C# included in project-tree scan,automated inspection,
src/Services/Identity/Identity.Application/Helpers/EmailLinkHelper.cs,cs,19,336889fb71982af9,C# included in project-tree scan,automated inspection,
src/Services/Identity/Identity.Application/Helpers/EnvironmentHelper.cs,cs,19,b937292dd7eb63bb,C# included in project-tree scan,automated inspection,
src/Services/Identity/Identity.Application/Helpers/TwoFactorHelper.cs,cs,37,14f54f50873734a8,C# included in project-tree scan,automated inspection,
src/Services/Identity/Identity.Application/Identity.Application.csproj,csproj,27,f8d6ac5d6e270d9e,xml parsed,automated inspection,
src/Services/Identity/Identity.Application/Interfaces/IApplicationDbContext.cs,cs,20,a674709f1e2958c1,C# included in project-tree scan,automated inspection,ef_save;cancellation_token
src/Services/Identity/Identity.Application/Interfaces/IAuthorizationCodeStore.cs,cs,8,4adc5f6aa612c573,C# included in project-tree scan,automated inspection,cancellation_token
src/Services/Identity/Identity.Application/Interfaces/IOAuthReturnUrlValidator.cs,cs,6,fff1397db455133a,C# included in project-tree scan,automated inspection,
src/Services/Identity/Identity.Application/Interfaces/IRolePermissionService.cs,cs,18,cf96a3694028cad7,C# included in project-tree scan,automated inspection,enumerable_input;cancellation_token
src/Services/Identity/Identity.Application/Interfaces/ITokenGenerationService.cs,cs,16,e2f515c43863aa41,C# included in project-tree scan,automated inspection,
src/Services/Identity/Identity.Application/Interfaces/IUserService.cs,cs,54,aefcdf62d0dbba4a,C# included in project-tree scan,automated inspection,enumerable_input;cancellation_token
src/Services/Identity/Identity.Application/Mappings/UserMappingProfile.cs,cs,30,2638d62a8a50b970,C# included in project-tree scan,automated inspection,
src/Services/Identity/Identity.Application/Services/OAuthReturnUrlValidator.cs,cs,83,d9b1a45f37ce8939,C# included in project-tree scan,automated inspection,suppressed_nullable
src/Services/Identity/Identity.Application/Services/RolePermissionService.cs,cs,262,30aa14c78d617258,C# included in project-tree scan,focused manual inspection,async_ef_query;ef_save;enumerable_input;cancellation_token;manual_time;query_materialization
src/Services/Identity/Identity.Application/Services/TokenGenerationService.cs,cs,433,d08e0d9b0cd78943,C# included in project-tree scan,focused manual inspection,broad_exception_catch;async_ef_query;ef_save;manual_time
src/Services/Identity/Identity.Application/Services/UserService.cs,cs,468,5f3fc04effe74b26,C# included in project-tree scan,automated inspection,async_ef_query;enumerable_input;cancellation_token;manual_time;suppressed_nullable;query_materialization;external_call
src/Services/Identity/Identity.Contracts/Events/PasswordChangedEvent.cs,cs,13,463e8e0277867084,C# included in project-tree scan,automated inspection,
src/Services/Identity/Identity.Contracts/Events/SecurityAlertEvent.cs,cs,25,696db8de9b52d4c8,C# included in project-tree scan,automated inspection,
src/Services/Identity/Identity.Contracts/Events/TwoFactorDisabledEvent.cs,cs,13,955c64c654daf7dd,C# included in project-tree scan,automated inspection,
src/Services/Identity/Identity.Contracts/Events/TwoFactorEnabledEvent.cs,cs,13,e33b5ccac2dfdcc4,C# included in project-tree scan,automated inspection,
src/Services/Identity/Identity.Contracts/Events/UserCreatedEvent.cs,cs,17,99650a121d849933,C# included in project-tree scan,automated inspection,
src/Services/Identity/Identity.Contracts/Events/UserDeletedEvent.cs,cs,12,5d1e5c175c7eb347,C# included in project-tree scan,automated inspection,
src/Services/Identity/Identity.Contracts/Events/UserEmailConfirmedEvent.cs,cs,13,9546c31f8de923aa,C# included in project-tree scan,automated inspection,
src/Services/Identity/Identity.Contracts/Events/UserLoginEvent.cs,cs,14,a1fae97cbec90582,C# included in project-tree scan,automated inspection,
src/Services/Identity/Identity.Contracts/Events/UserReactivatedEvent.cs,cs,12,17fd7820bc90c401,C# included in project-tree scan,automated inspection,
src/Services/Identity/Identity.Contracts/Events/UserRoleChangedEvent.cs,cs,13,ba6ca4a8af2682d4,C# included in project-tree scan,automated inspection,
src/Services/Identity/Identity.Contracts/Events/UserSuspendedEvent.cs,cs,13,9fcc40f92cf1ec62,C# included in project-tree scan,automated inspection,
src/Services/Identity/Identity.Contracts/Events/UserUpdatedEvent.cs,cs,15,e1585d26cd009907,C# included in project-tree scan,automated inspection,
src/Services/Identity/Identity.Contracts/IdentityService.Contracts.csproj,csproj,25,ff9bbd7e29841b3b,xml parsed,automated inspection,
src/Services/Identity/Identity.Domain/Constants/IdentityDefaults.cs,cs,53,b877ad983da7f530,C# included in project-tree scan,automated inspection,
src/Services/Identity/Identity.Domain/Entities/AppRole.cs,cs,16,eb783ed0d09feb2f,C# included in project-tree scan,automated inspection,manual_time
src/Services/Identity/Identity.Domain/Entities/AppUserRole.cs,cs,19,52140336af9760d5,C# included in project-tree scan,automated inspection,manual_time;suppressed_nullable
src/Services/Identity/Identity.Domain/Entities/ApplicationUser.cs,cs,22,1a4275287c26e0e8,C# included in project-tree scan,automated inspection,manual_time
src/Services/Identity/Identity.Domain/Entities/RefreshToken.cs,cs,44,84fa1f6c720b41fd,C# included in project-tree scan,automated inspection,manual_time;suppressed_nullable
src/Services/Identity/Identity.Domain/Entities/ResourceAcl.cs,cs,23,d130ec88919f3fad,C# included in project-tree scan,automated inspection,manual_time;suppressed_nullable
src/Services/Identity/Identity.Domain/Entities/RolePermission.cs,cs,18,6fa214d90e2c6b17,C# included in project-tree scan,automated inspection,manual_time;suppressed_nullable
src/Services/Identity/Identity.Domain/Entities/RolePermissionString.cs,cs,13,b0f9380c8c52eabb,C# included in project-tree scan,automated inspection,manual_time;suppressed_nullable
src/Services/Identity/Identity.Domain/Events/EmailNotificationRequestedDomainEvent.cs,cs,13,4cdff2e3954f4bfb,C# included in project-tree scan,automated inspection,domain_events
src/Services/Identity/Identity.Domain/Events/PasswordChangedDomainEvent.cs,cs,10,0b7ede7f5d59127d,C# included in project-tree scan,automated inspection,domain_events
src/Services/Identity/Identity.Domain/Events/SecurityAlertDomainEvent.cs,cs,13,63f215589718b1f8,C# included in project-tree scan,automated inspection,domain_events
src/Services/Identity/Identity.Domain/Events/TwoFactorDisabledDomainEvent.cs,cs,10,2eb0783ef80b4daa,C# included in project-tree scan,automated inspection,domain_events
src/Services/Identity/Identity.Domain/Events/TwoFactorEnabledDomainEvent.cs,cs,10,f6f46e79b2ba1009,C# included in project-tree scan,automated inspection,domain_events
src/Services/Identity/Identity.Domain/Events/UserCreatedDomainEvent.cs,cs,14,7cff346493a4491e,C# included in project-tree scan,automated inspection,domain_events
src/Services/Identity/Identity.Domain/Events/UserDeletedDomainEvent.cs,cs,9,afa6ccebf5e5b8cb,C# included in project-tree scan,automated inspection,domain_events
src/Services/Identity/Identity.Domain/Events/UserEmailConfirmedDomainEvent.cs,cs,10,a4a855bf54eb17c2,C# included in project-tree scan,automated inspection,domain_events
src/Services/Identity/Identity.Domain/Events/UserLoginDomainEvent.cs,cs,11,5f1739dad078cd6e,C# included in project-tree scan,automated inspection,domain_events
src/Services/Identity/Identity.Domain/Events/UserReactivatedDomainEvent.cs,cs,9,dac3fe7920c14086,C# included in project-tree scan,automated inspection,domain_events
src/Services/Identity/Identity.Domain/Events/UserRoleChangedDomainEvent.cs,cs,10,40d3bfb52b144436,C# included in project-tree scan,automated inspection,domain_events
src/Services/Identity/Identity.Domain/Events/UserSuspendedDomainEvent.cs,cs,10,cc5e4d1ef347313b,C# included in project-tree scan,automated inspection,domain_events
src/Services/Identity/Identity.Domain/Events/UserUpdatedDomainEvent.cs,cs,12,482a5cadeefeb115,C# included in project-tree scan,automated inspection,domain_events
src/Services/Identity/Identity.Domain/Identity.Domain.csproj,csproj,17,621a6a32dc4ebbf2,xml parsed,automated inspection,
src/Services/Identity/Identity.Infrastructure/GlobalUsings.cs,cs,10,26564529d2ec3156,C# included in project-tree scan,automated inspection,
src/Services/Identity/Identity.Infrastructure/Identity.Infrastructure.csproj,csproj,24,2f5ff651c52f4591,xml parsed,automated inspection,
src/Services/Identity/Identity.Infrastructure/Jobs/InactiveUserLockJob.cs,cs,74,e3a99f4899e4cae1,C# included in project-tree scan,focused manual inspection,broad_exception_catch;async_ef_query;ef_save;cancellation_token;manual_time;suppressed_nullable;query_materialization;external_call
src/Services/Identity/Identity.Infrastructure/Persistence/ApplicationDbContext.cs,cs,38,5b56470b06d9fdcb,C# included in project-tree scan,automated inspection,
src/Services/Identity/Identity.Infrastructure/Persistence/ApplicationDbContextFactory.cs,cs,16,45be9ec6982ac0d2,C# included in project-tree scan,automated inspection,
src/Services/Identity/Identity.Infrastructure/Persistence/Configurations/AppRoleConfiguration.cs,cs,37,b46b2d3e2e7de79f,C# included in project-tree scan,automated inspection,
src/Services/Identity/Identity.Infrastructure/Persistence/Configurations/AppUserRoleConfiguration.cs,cs,44,c1af0bb99378303d,C# included in project-tree scan,automated inspection,
src/Services/Identity/Identity.Infrastructure/Persistence/Configurations/RefreshTokenConfiguration.cs,cs,50,45d2f36de0612718,C# included in project-tree scan,automated inspection,
src/Services/Identity/Identity.Infrastructure/Persistence/Configurations/ResourceAclConfiguration.cs,cs,48,61ad10610aea9517,C# included in project-tree scan,automated inspection,
src/Services/Identity/Identity.Infrastructure/Persistence/Configurations/RolePermissionConfiguration.cs,cs,38,731c5664e06ab218,C# included in project-tree scan,automated inspection,
src/Services/Identity/Identity.Infrastructure/Persistence/Configurations/RolePermissionStringConfiguration.cs,cs,29,6b583c2aec880e55,C# included in project-tree scan,automated inspection,
src/Services/Identity/Identity.Infrastructure/Persistence/Migrations/20260730153735_InitialCreate.Designer.cs,cs,809,2e855c3477bc4c09,C# included in project-tree scan,automated inspection,
src/Services/Identity/Identity.Infrastructure/Persistence/Migrations/20260730153735_InitialCreate.cs,cs,579,cea988b64021c321,C# included in project-tree scan,automated inspection,
src/Services/Identity/Identity.Infrastructure/Persistence/Migrations/ApplicationDbContextModelSnapshot.cs,cs,806,95fed8fc638c2f5c,C# included in project-tree scan,automated inspection,
src/Services/Identity/Identity.Infrastructure/Persistence/Repositories/AuthorizationRepository.cs,cs,339,b77efa29db8af123,C# included in project-tree scan,automated inspection,async_ef_query;ef_save;cancellation_token;manual_time;query_materialization
src/Services/Identity/Identity.Infrastructure/Security/RedisAuthorizationCodeStore.cs,cs,69,e18720de5c9799db,C# included in project-tree scan,automated inspection,cancellation_token
src/Services/Identity/tests/Identity.Application.Tests/AssemblyReferenceTests.cs,cs,16,b3e72f1d2f5206e4,C# included in project-tree scan,automated inspection,
src/Services/Identity/tests/Identity.Application.Tests/Identity.Application.Tests.csproj,csproj,15,2dd29d8a5218ee0b,xml parsed,automated inspection,
src/Services/Identity/tests/Identity.Application.Tests/OAuthReturnUrlValidatorTests.cs,cs,87,cbdb8673049ab808,C# included in project-tree scan,automated inspection,
src/Services/Identity/tests/Identity.Application.Tests/PermissionHandlerTests.cs,cs,84,42bee79d0954673b,C# included in project-tree scan,automated inspection,
src/Services/Identity/tests/Identity.Domain.Tests/AssemblyReferenceTests.cs,cs,16,f13fe4ea8c7cc03d,C# included in project-tree scan,automated inspection,
src/Services/Identity/tests/Identity.Domain.Tests/Identity.Domain.Tests.csproj,csproj,15,744c4be9a591502d,xml parsed,automated inspection,
src/Services/Job/Job.Api/Dockerfile,Dockerfile,56,85034bdebe999941,Dockerfile FROM present,automated inspection,
src/Services/Job/Job.Api/Endpoints/Jobs/JobEndpoints.cs,cs,229,d3f728741d2ca026,C# included in project-tree scan,automated inspection,cancellation_token;http_routes;authorization;suppressed_nullable
src/Services/Job/Job.Api/Extensions/DependencyInjection/ServiceExtensions.cs,cs,55,0a2f6453cc8cd14c,C# included in project-tree scan,automated inspection,
src/Services/Job/Job.Api/GlobalUsings.cs,cs,2,6a21e7d1edd91a9f,C# included in project-tree scan,automated inspection,
src/Services/Job/Job.Api/Job.Api.csproj,csproj,29,231665b71b0206e0,xml parsed,automated inspection,
src/Services/Job/Job.Api/Program.cs,cs,88,7862d7a15364facf,C# included in project-tree scan,automated inspection,
src/Services/Job/Job.Api/appsettings.Production.json,json,14,f0448e905895ff09,json parsed,automated inspection,
src/Services/Job/Job.Api/appsettings.json,json,49,6253d601906ebe75,json parsed,automated inspection,configuration_secret_field
src/Services/Job/Job.Application/DTOs/Audit/JobAuditData.cs,cs,26,9990b95813fc25f1,C# included in project-tree scan,automated inspection,
src/Services/Job/Job.Application/DTOs/JobDtos.cs,cs,90,6abd13aac95958b6,C# included in project-tree scan,automated inspection,
src/Services/Job/Job.Application/DTOs/JobExecutionLogDtos.cs,cs,28,691d67e2043c7816,C# included in project-tree scan,automated inspection,
src/Services/Job/Job.Application/Errors/JobErrors.cs,cs,26,8552ca2edd5bb3f6,C# included in project-tree scan,automated inspection,
src/Services/Job/Job.Application/EventHandlers/JobCompletedDomainEventHandler.cs,cs,44,9e9dddeeb99e75a6,C# included in project-tree scan,automated inspection,cancellation_token;external_call
src/Services/Job/Job.Application/EventHandlers/JobCreatedDomainEventHandler.cs,cs,41,d9b545e0be1b0575,C# included in project-tree scan,automated inspection,cancellation_token;external_call
src/Services/Job/Job.Application/EventHandlers/JobFailedDomainEventHandler.cs,cs,40,93af9fa936931586,C# included in project-tree scan,automated inspection,cancellation_token;external_call
src/Services/Job/Job.Application/EventHandlers/JobItemCompletedDomainEventHandler.cs,cs,43,e15a7fb14f9021ca,C# included in project-tree scan,automated inspection,cancellation_token;external_call
src/Services/Job/Job.Application/EventHandlers/JobItemFailedDomainEventHandler.cs,cs,37,f4b3f9938668e978,C# included in project-tree scan,automated inspection,cancellation_token;external_call
src/Services/Job/Job.Application/Features/Jobs/CancelJob/CancelJobCommand.cs,cs,3,4c83a6e7ed327425,C# included in project-tree scan,automated inspection,
src/Services/Job/Job.Application/Features/Jobs/CancelJob/CancelJobCommandHandler.cs,cs,54,1aedf9cb9f24b983,C# included in project-tree scan,automated inspection,ef_save;cancellation_token;external_call
src/Services/Job/Job.Application/Features/Jobs/CreateJob/CreateJobCommand.cs,cs,13,47dd692593740004,C# included in project-tree scan,automated inspection,
src/Services/Job/Job.Application/Features/Jobs/CreateJob/CreateJobCommandHandler.cs,cs,82,901a4bfdeac54f0b,C# included in project-tree scan,automated inspection,ef_save;cancellation_token;query_materialization;external_call
src/Services/Job/Job.Application/Features/Jobs/CreateJob/CreateJobCommandValidator.cs,cs,28,fa18b654ab3b317f,C# included in project-tree scan,automated inspection,
src/Services/Job/Job.Application/Features/Jobs/GetJob/GetJobQuery.cs,cs,3,4da17bf9984d20c2,C# included in project-tree scan,automated inspection,
src/Services/Job/Job.Application/Features/Jobs/GetJob/GetJobQueryHandler.cs,cs,25,48abcfa73b2c7aa4,C# included in project-tree scan,automated inspection,cancellation_token
src/Services/Job/Job.Application/Features/Jobs/GetJobHistory/GetJobHistoryQuery.cs,cs,9,266b612e912cd23e,C# included in project-tree scan,automated inspection,
src/Services/Job/Job.Application/Features/Jobs/GetJobHistory/GetJobHistoryQueryHandler.cs,cs,71,67441dbe065342f1,C# included in project-tree scan,automated inspection,cancellation_token;query_materialization
src/Services/Job/Job.Application/Features/Jobs/GetJobItems/GetJobItemsQuery.cs,cs,9,08bc8b56308f7411,C# included in project-tree scan,automated inspection,
src/Services/Job/Job.Application/Features/Jobs/GetJobItems/GetJobItemsQueryHandler.cs,cs,37,26c5e925cb385874,C# included in project-tree scan,automated inspection,cancellation_token
src/Services/Job/Job.Application/Features/Jobs/GetJobs/GetJobsQuery.cs,cs,10,de9ab3af6fd2b555,C# included in project-tree scan,automated inspection,
src/Services/Job/Job.Application/Features/Jobs/GetJobs/GetJobsQueryHandler.cs,cs,37,dc63b1394643b793,C# included in project-tree scan,automated inspection,cancellation_token
src/Services/Job/Job.Application/Features/Jobs/RetryJob/RetryJobCommand.cs,cs,3,d2f7cc494081106b,C# included in project-tree scan,automated inspection,
src/Services/Job/Job.Application/Features/Jobs/RetryJob/RetryJobCommandHandler.cs,cs,57,3a78ac863ddf1135,C# included in project-tree scan,automated inspection,ef_save;cancellation_token;external_call
src/Services/Job/Job.Application/GlobalUsings.cs,cs,11,0eb012f26ec51587,C# included in project-tree scan,automated inspection,
src/Services/Job/Job.Application/Interfaces/IJobExecutionLogRepository.cs,cs,21,bdb36a4b7d87958b,C# included in project-tree scan,automated inspection,enumerable_input;cancellation_token
src/Services/Job/Job.Application/Interfaces/IJobItemDispatcher.cs,cs,6,52f6825510a545d1,C# included in project-tree scan,automated inspection,cancellation_token
src/Services/Job/Job.Application/Interfaces/IJobItemRepository.cs,cs,19,e70ae96742b90cc4,C# included in project-tree scan,automated inspection,enumerable_input;cancellation_token
src/Services/Job/Job.Application/Interfaces/IJobRepository.cs,cs,18,cb970f4a8363dc93,C# included in project-tree scan,automated inspection,cancellation_token
src/Services/Job/Job.Application/Job.Application.csproj,csproj,21,73e028cae6427717,xml parsed,automated inspection,
src/Services/Job/Job.Application/Mappings/JobMappingProfile.cs,cs,14,15d4c1287afc5ed4,C# included in project-tree scan,automated inspection,
src/Services/Job/Job.Application/Resources/JobResources.cs,cs,3,2e205d68b43524ad,C# included in project-tree scan,automated inspection,
src/Services/Job/Job.Application/Resources/JobResources.ja-JP.resx,resx,34,cedad01150c5d2f2,xml parsed,automated inspection,
src/Services/Job/Job.Application/Resources/JobResources.resx,resx,34,43f06b21c1acc19c,xml parsed,automated inspection,
src/Services/Job/Job.Contracts/Commands/AddJobItemsBatchCommand.cs,cs,7,d8d20f5ec58db9db,C# included in project-tree scan,automated inspection,
src/Services/Job/Job.Contracts/Commands/FailJobByCorrelationCommand.cs,cs,7,d22b868730b9d125,C# included in project-tree scan,automated inspection,
src/Services/Job/Job.Contracts/Commands/FinalizeJobInitializationCommand.cs,cs,6,717d3915436a6082,C# included in project-tree scan,automated inspection,
src/Services/Job/Job.Contracts/Commands/InitializeStreamingJobCommand.cs,cs,11,f85cd9130b5307f9,C# included in project-tree scan,automated inspection,
src/Services/Job/Job.Contracts/Commands/JobItemBatchResult.cs,cs,8,30a927a9670cbedd,C# included in project-tree scan,automated inspection,
src/Services/Job/Job.Contracts/Commands/ProcessJobItemCommand.cs,cs,10,c98083b3e7de0c6f,C# included in project-tree scan,automated inspection,
src/Services/Job/Job.Contracts/Commands/ReportJobBatchProgressCommand.cs,cs,8,382a1ee4e45f54ef,C# included in project-tree scan,automated inspection,
src/Services/Job/Job.Contracts/Commands/ReportJobItemBatchResultCommand.cs,cs,7,db88726a8cb489db,C# included in project-tree scan,automated inspection,
src/Services/Job/Job.Contracts/Commands/ReportJobItemResultCommand.cs,cs,9,df5b5571b41b37b2,C# included in project-tree scan,automated inspection,
src/Services/Job/Job.Contracts/Commands/RequestJobCommand.cs,cs,13,adfd4d51a918cde6,C# included in project-tree scan,automated inspection,
src/Services/Job/Job.Contracts/Commands/RequestJobItemPayload.cs,cs,7,634f60c8f253db70,C# included in project-tree scan,automated inspection,
src/Services/Job/Job.Contracts/Enums/JobStatus.cs,cs,12,d6af5457a2f05f46,C# included in project-tree scan,automated inspection,
src/Services/Job/Job.Contracts/Enums/JobType.cs,cs,17,de50d25a7ba62d0f,C# included in project-tree scan,automated inspection,
src/Services/Job/Job.Contracts/Events/JobCompletedEvent.cs,cs,16,693b35724a0a80be,C# included in project-tree scan,automated inspection,
src/Services/Job/Job.Contracts/Events/JobCreatedEvent.cs,cs,15,b4f710c254612406,C# included in project-tree scan,automated inspection,
src/Services/Job/Job.Contracts/Events/JobFailedEvent.cs,cs,14,6c9a09bccdc61341,C# included in project-tree scan,automated inspection,
src/Services/Job/Job.Contracts/Events/JobProgressUpdatedEvent.cs,cs,16,68a48698cc27b06b,C# included in project-tree scan,automated inspection,
src/Services/Job/Job.Contracts/JobService.Contracts.csproj,csproj,21,aebac989f8ce0f47,xml parsed,automated inspection,
src/Services/Job/Job.Domain/Constants/JobDefaults.cs,cs,88,79eb9018ce39902b,C# included in project-tree scan,automated inspection,
src/Services/Job/Job.Domain/Entities/Job.cs,cs,319,c98ac0b22b4dcbbe,C# included in project-tree scan,automated inspection,enumerable_input;manual_time;domain_events
src/Services/Job/Job.Domain/Entities/JobExecutionLog.cs,cs,106,c7dbdfdb3dcf435c,C# included in project-tree scan,automated inspection,manual_time;suppressed_nullable
src/Services/Job/Job.Domain/Entities/JobItem.cs,cs,106,b7c9f7d619082e69,C# included in project-tree scan,automated inspection,manual_time;suppressed_nullable
src/Services/Job/Job.Domain/Enums/JobItemStatus.cs,cs,10,3ce58dd2b9bf6231,C# included in project-tree scan,automated inspection,
src/Services/Job/Job.Domain/Enums/JobLogLevel.cs,cs,9,4f5acbbef9eb8b0b,C# included in project-tree scan,automated inspection,
src/Services/Job/Job.Domain/Enums/JobPriority.cs,cs,9,59be5e1ec85dd9db,C# included in project-tree scan,automated inspection,
src/Services/Job/Job.Domain/Enums/JobStatus.cs,cs,12,bb0094590163c028,C# included in project-tree scan,automated inspection,
src/Services/Job/Job.Domain/Enums/JobType.cs,cs,17,25cfaad0979b59ca,C# included in project-tree scan,automated inspection,
src/Services/Job/Job.Domain/Events/JobCompletedDomainEvent.cs,cs,12,4cc04cd4182479a6,C# included in project-tree scan,automated inspection,domain_events
src/Services/Job/Job.Domain/Events/JobCreatedDomainEvent.cs,cs,11,db791c2e0b8c75a1,C# included in project-tree scan,automated inspection,domain_events
src/Services/Job/Job.Domain/Events/JobFailedDomainEvent.cs,cs,10,3de873dae0b726e5,C# included in project-tree scan,automated inspection,domain_events
src/Services/Job/Job.Domain/Events/JobItemCompletedDomainEvent.cs,cs,9,991fc4b43d2cc4fa,C# included in project-tree scan,automated inspection,domain_events
src/Services/Job/Job.Domain/Events/JobItemFailedDomainEvent.cs,cs,9,4e0ec82ac0502856,C# included in project-tree scan,automated inspection,domain_events
src/Services/Job/Job.Domain/GlobalUsings.cs,cs,1,8ace30dd5b2848f0,C# included in project-tree scan,automated inspection,
src/Services/Job/Job.Domain/Job.Domain.csproj,csproj,14,6804e21f16b5362d,xml parsed,automated inspection,
src/Services/Job/Job.Domain/ValueObjects/ExecutionContext.cs,cs,48,90d4964f8dc16990,C# included in project-tree scan,automated inspection,enumerable_input
src/Services/Job/Job.Infrastructure/Extensions/MassTransitOutboxExtensions.cs,cs,156,861af643ae2ac219,C# included in project-tree scan,automated inspection,
src/Services/Job/Job.Infrastructure/GlobalUsings.cs,cs,7,e92c6e9381293cef,C# included in project-tree scan,automated inspection,
src/Services/Job/Job.Infrastructure/Job.Infrastructure.csproj,csproj,34,784f55438fe44e09,xml parsed,automated inspection,
src/Services/Job/Job.Infrastructure/Messaging/Consumers/AddJobItemsBatchConsumer.cs,cs,59,8a77f44cadc50c4d,C# included in project-tree scan,automated inspection,ef_save;cancellation_token
src/Services/Job/Job.Infrastructure/Messaging/Consumers/FailJobByCorrelationConsumer.cs,cs,58,a417f4f23593cd44,C# included in project-tree scan,automated inspection,ef_save;cancellation_token
src/Services/Job/Job.Infrastructure/Messaging/Consumers/FinalizeJobInitializationConsumer.cs,cs,46,67636c2021ba58e8,C# included in project-tree scan,automated inspection,ef_save;cancellation_token
src/Services/Job/Job.Infrastructure/Messaging/Consumers/InitializeStreamingJobConsumer.cs,cs,67,f585603610986357,C# included in project-tree scan,automated inspection,ef_save;cancellation_token
src/Services/Job/Job.Infrastructure/Messaging/Consumers/ReportJobBatchProgressConsumer.cs,cs,68,d807ab6c4cc7c98a,C# included in project-tree scan,automated inspection,ef_save;cancellation_token
src/Services/Job/Job.Infrastructure/Messaging/Consumers/ReportJobItemBatchResultConsumer.cs,cs,90,47b406aa21487d0d,C# included in project-tree scan,automated inspection,ef_save;cancellation_token
src/Services/Job/Job.Infrastructure/Messaging/Consumers/ReportJobItemResultConsumer.cs,cs,82,cf0eb383e97a6cb3,C# included in project-tree scan,automated inspection,ef_save;cancellation_token
src/Services/Job/Job.Infrastructure/Messaging/Consumers/RequestJobConsumer.cs,cs,96,792046adc8ce8e4e,C# included in project-tree scan,automated inspection,ef_save;cancellation_token;query_materialization
src/Services/Job/Job.Infrastructure/Messaging/JobItemDispatcher.cs,cs,89,bb062ee4724695a4,C# included in project-tree scan,automated inspection,parallel_work;ef_save;enumerable_input;cancellation_token;query_materialization
src/Services/Job/Job.Infrastructure/Persistence/Configurations/JobConfiguration.cs,cs,74,c383023b496664b2,C# included in project-tree scan,automated inspection,
src/Services/Job/Job.Infrastructure/Persistence/Configurations/JobExecutionLogConfiguration.cs,cs,71,66e2b4edad8dcbd0,C# included in project-tree scan,automated inspection,
src/Services/Job/Job.Infrastructure/Persistence/Configurations/JobItemConfiguration.cs,cs,46,ea8025c0b9b7d9f1,C# included in project-tree scan,automated inspection,
src/Services/Job/Job.Infrastructure/Persistence/JobDbContext.cs,cs,36,092cd4836af27b9e,C# included in project-tree scan,automated inspection,
src/Services/Job/Job.Infrastructure/Persistence/JobDbContextFactory.cs,cs,16,848960d751fb7f16,C# included in project-tree scan,automated inspection,
src/Services/Job/Job.Infrastructure/Persistence/Migrations/20260730153720_InitialCreate.Designer.cs,cs,520,9a6c5bb8458938af,C# included in project-tree scan,automated inspection,
src/Services/Job/Job.Infrastructure/Persistence/Migrations/20260730153720_InitialCreate.cs,cs,339,112b1322caa22a29,C# included in project-tree scan,automated inspection,
src/Services/Job/Job.Infrastructure/Persistence/Migrations/JobDbContextModelSnapshot.cs,cs,517,fea96756346fbbf4,C# included in project-tree scan,automated inspection,
src/Services/Job/Job.Infrastructure/Persistence/Repositories/JobExecutionLogRepository.cs,cs,60,3dce22cc3e83dd8b,C# included in project-tree scan,automated inspection,async_ef_query;enumerable_input;cancellation_token;query_materialization
src/Services/Job/Job.Infrastructure/Persistence/Repositories/JobItemRepository.cs,cs,164,f82fe4afdc5c71c3,C# included in project-tree scan,focused manual inspection,async_ef_query;ef_save;enumerable_input;cancellation_token;query_materialization
src/Services/Job/Job.Infrastructure/Persistence/Repositories/JobRepository.cs,cs,146,27bda72cd0a78cef,C# included in project-tree scan,automated inspection,async_ef_query;cancellation_token;query_materialization
src/Services/Job/Job.Infrastructure/Persistence/UnitOfWork.cs,cs,12,8f54a602ae244d0e,C# included in project-tree scan,automated inspection,
src/Services/Job/Job.Infrastructure/Workers/JobProcessingWorker.cs,cs,154,9bf47eca7fa1c3e8,C# included in project-tree scan,focused manual inspection,broad_exception_catch;ef_save;cancellation_token;manual_time
src/Services/Job/tests/Job.Application.Tests/AssemblyReferenceTests.cs,cs,16,c20dca7961226e9c,C# included in project-tree scan,automated inspection,
src/Services/Job/tests/Job.Application.Tests/Job.Application.Tests.csproj,csproj,15,df8b09572708f89f,xml parsed,automated inspection,
src/Services/Job/tests/Job.Domain.Tests/AssemblyReferenceTests.cs,cs,16,6385b61b9247ca1a,C# included in project-tree scan,automated inspection,
src/Services/Job/tests/Job.Domain.Tests/Job.Domain.Tests.csproj,csproj,15,2e7be63d32ea6e70,xml parsed,automated inspection,
src/Services/Notification/Notification.Api/Constants/SignalRGroups.cs,cs,12,fd351c1bc193b26d,C# included in project-tree scan,automated inspection,
src/Services/Notification/Notification.Api/Dockerfile,Dockerfile,61,4d7344097058a7c0,Dockerfile FROM present,automated inspection,
src/Services/Notification/Notification.Api/Endpoints/NotificationRecords/NotificationRecordEndpoints.cs,cs,94,849f9ff569af8bc1,C# included in project-tree scan,automated inspection,cancellation_token;http_routes;authorization
src/Services/Notification/Notification.Api/Endpoints/Notifications/BulkNotificationEndpoints.cs,cs,74,a5455108a797edee,C# included in project-tree scan,automated inspection,cancellation_token;http_routes;query_materialization
src/Services/Notification/Notification.Api/Endpoints/Notifications/NotificationEndpoints.cs,cs,288,a73424d7dd171939,C# included in project-tree scan,automated inspection,cancellation_token;http_routes;authorization;query_materialization
src/Services/Notification/Notification.Api/Endpoints/Templates/TemplateEndpoints.cs,cs,158,102c15c5ae69d345,C# included in project-tree scan,automated inspection,cancellation_token;http_routes;authorization
src/Services/Notification/Notification.Api/Extensions/DependencyInjection/CorsExtensions.cs,cs,25,6255212c711d3082,C# included in project-tree scan,automated inspection,
src/Services/Notification/Notification.Api/GlobalUsings.cs,cs,7,ff6d6e11809d14a3,C# included in project-tree scan,automated inspection,
src/Services/Notification/Notification.Api/Hubs/NotificationHub.cs,cs,85,5f7d34534cfbbeeb,C# included in project-tree scan,automated inspection,authorization
src/Services/Notification/Notification.Api/Notification.Api.csproj,csproj,30,b706c309ac3665b0,xml parsed,automated inspection,
src/Services/Notification/Notification.Api/Program.cs,cs,151,d12d4c9d7ee2861e,C# included in project-tree scan,automated inspection,
src/Services/Notification/Notification.Api/Services/NotificationHubService.cs,cs,106,735e9875d290b7a4,C# included in project-tree scan,focused manual inspection,broad_exception_catch;external_call
src/Services/Notification/Notification.Api/appsettings.Production.json,json,21,682af098e55e86e4,json parsed,automated inspection,
src/Services/Notification/Notification.Api/appsettings.json,json,65,be0dd27388d7e338,json parsed,automated inspection,configuration_secret_field
src/Services/Notification/Notification.Application/DTOs/Audit/NotificationAuditData.cs,cs,60,56cd82e59ecc8ce0,C# included in project-tree scan,automated inspection,
src/Services/Notification/Notification.Application/DTOs/EmailDto.cs,cs,28,92922f9bcd23c2d3,C# included in project-tree scan,automated inspection,
src/Services/Notification/Notification.Application/DTOs/NotificationDto.cs,cs,85,63a3eb95c337b8ac,C# included in project-tree scan,automated inspection,
src/Services/Notification/Notification.Application/DTOs/NotificationRecordDto.cs,cs,50,bd01c44bb8ecfaa6,C# included in project-tree scan,automated inspection,
src/Services/Notification/Notification.Application/DTOs/NotificationRequestDtos.cs,cs,37,1577b28df0565855,C# included in project-tree scan,automated inspection,
src/Services/Notification/Notification.Application/DTOs/TemplateDto.cs,cs,41,d0b47070635f9972,C# included in project-tree scan,automated inspection,
src/Services/Notification/Notification.Application/Errors/NotificationErrors.cs,cs,43,dd31bf6da3ad3f4e,C# included in project-tree scan,automated inspection,
src/Services/Notification/Notification.Application/Extensions/Mappings/NotificationMappingExtensions.cs,cs,16,c979abfe283c2c03,C# included in project-tree scan,automated inspection,enumerable_input;query_materialization
src/Services/Notification/Notification.Application/Features/NotificationRecords/GetNotificationRecordById/GetNotificationRecordByIdQuery.cs,cs,5,6faea2ae64ed0d83,C# included in project-tree scan,automated inspection,
src/Services/Notification/Notification.Application/Features/NotificationRecords/GetNotificationRecordById/GetNotificationRecordByIdQueryHandler.cs,cs,27,ad531c6e54c5fb26,C# included in project-tree scan,automated inspection,cancellation_token
src/Services/Notification/Notification.Application/Features/NotificationRecords/GetNotificationRecordStats/GetNotificationRecordStatsQuery.cs,cs,5,799303ee8641c332,C# included in project-tree scan,automated inspection,
src/Services/Notification/Notification.Application/Features/NotificationRecords/GetNotificationRecordStats/GetNotificationRecordStatsQueryHandler.cs,cs,27,e5dca3e2a0c7f1fc,C# included in project-tree scan,automated inspection,cancellation_token
src/Services/Notification/Notification.Application/Features/NotificationRecords/GetNotificationRecords/GetNotificationRecordsQuery.cs,cs,14,bedf9abbf0dbe9ba,C# included in project-tree scan,automated inspection,
src/Services/Notification/Notification.Application/Features/NotificationRecords/GetNotificationRecords/GetNotificationRecordsQueryHandler.cs,cs,42,a204aebd86f91afd,C# included in project-tree scan,automated inspection,cancellation_token
src/Services/Notification/Notification.Application/Features/NotificationRecords/GetNotificationRecordsByUser/GetNotificationRecordsByUserQuery.cs,cs,19,3ff6256c125a2c6b,C# included in project-tree scan,automated inspection,
src/Services/Notification/Notification.Application/Features/NotificationRecords/GetNotificationRecordsByUser/GetNotificationRecordsByUserQueryHandler.cs,cs,47,16021b4e1ae96441,C# included in project-tree scan,automated inspection,cancellation_token
src/Services/Notification/Notification.Application/Features/Notifications/ArchiveNotification/ArchiveNotificationCommand.cs,cs,3,fc888e78609057ef,C# included in project-tree scan,automated inspection,
src/Services/Notification/Notification.Application/Features/Notifications/ArchiveNotification/ArchiveNotificationCommandHandler.cs,cs,37,7f0f6cbc56497380,C# included in project-tree scan,automated inspection,ef_save;cancellation_token
src/Services/Notification/Notification.Application/Features/Notifications/BroadcastNotification/BroadcastNotificationCommand.cs,cs,10,1618e4d73532bbad,C# included in project-tree scan,automated inspection,
src/Services/Notification/Notification.Application/Features/Notifications/BroadcastNotification/BroadcastNotificationCommandHandler.cs,cs,67,b091238566d4f367,C# included in project-tree scan,automated inspection,broad_exception_catch;ef_save;cancellation_token
src/Services/Notification/Notification.Application/Features/Notifications/BroadcastNotification/BroadcastNotificationCommandValidator.cs,cs,21,fa7613c00651a85b,C# included in project-tree scan,automated inspection,
src/Services/Notification/Notification.Application/Features/Notifications/CreateNotification/CreateNotificationCommand.cs,cs,13,0e9c46198a7cf720,C# included in project-tree scan,automated inspection,
src/Services/Notification/Notification.Application/Features/Notifications/CreateNotification/CreateNotificationCommandHandler.cs,cs,84,b293c9f3f57df578,C# included in project-tree scan,automated inspection,broad_exception_catch;ef_save;cancellation_token;external_call
src/Services/Notification/Notification.Application/Features/Notifications/CreateNotification/CreateNotificationCommandValidator.cs,cs,24,e1e22d21e1f8ec1c,C# included in project-tree scan,automated inspection,
src/Services/Notification/Notification.Application/Features/Notifications/DeleteNotification/DeleteNotificationCommand.cs,cs,3,aeb89dda5411f3ec,C# included in project-tree scan,automated inspection,
src/Services/Notification/Notification.Application/Features/Notifications/DeleteNotification/DeleteNotificationCommandHandler.cs,cs,51,202ade8a58c04221,C# included in project-tree scan,automated inspection,ef_save;cancellation_token;external_call
src/Services/Notification/Notification.Application/Features/Notifications/GetNotificationStats/GetNotificationStatsQuery.cs,cs,5,0c80a7d2f8a630c1,C# included in project-tree scan,automated inspection,
src/Services/Notification/Notification.Application/Features/Notifications/GetNotificationStats/GetNotificationStatsQueryHandler.cs,cs,35,1f493fe92091f362,C# included in project-tree scan,automated inspection,cancellation_token
src/Services/Notification/Notification.Application/Features/Notifications/GetNotificationSummary/GetNotificationSummaryQuery.cs,cs,5,d7e022104335e6ea,C# included in project-tree scan,automated inspection,
src/Services/Notification/Notification.Application/Features/Notifications/GetNotificationSummary/GetNotificationSummaryQueryHandler.cs,cs,39,a34f2adfbf3dc32b,C# included in project-tree scan,automated inspection,cancellation_token;query_materialization
src/Services/Notification/Notification.Application/Features/Notifications/GetUserNotifications/GetUserNotificationsQuery.cs,cs,9,b3c21d2fded563fa,C# included in project-tree scan,automated inspection,
src/Services/Notification/Notification.Application/Features/Notifications/GetUserNotifications/GetUserNotificationsQueryHandler.cs,cs,43,b55dbcff345ab0e8,C# included in project-tree scan,automated inspection,cancellation_token
src/Services/Notification/Notification.Application/Features/Notifications/MarkAllAsRead/MarkAllAsReadCommand.cs,cs,3,fc88750f5045c7d7,C# included in project-tree scan,automated inspection,
src/Services/Notification/Notification.Application/Features/Notifications/MarkAllAsRead/MarkAllAsReadCommandHandler.cs,cs,30,0b71b4515cae9fd7,C# included in project-tree scan,automated inspection,ef_save;cancellation_token
src/Services/Notification/Notification.Application/Features/Notifications/MarkAsRead/MarkAsReadCommand.cs,cs,3,4daa27fe4907634a,C# included in project-tree scan,automated inspection,
src/Services/Notification/Notification.Application/Features/Notifications/MarkAsRead/MarkAsReadCommandHandler.cs,cs,37,8b5dc8e1dc73a380,C# included in project-tree scan,automated inspection,ef_save;cancellation_token
src/Services/Notification/Notification.Application/Features/Notifications/QueueBulkNotification/QueueBulkNotificationCommand.cs,cs,27,ae3f676fa0e334c4,C# included in project-tree scan,automated inspection,
src/Services/Notification/Notification.Application/Features/Notifications/QueueBulkNotification/QueueBulkNotificationCommandHandler.cs,cs,62,fea97217c5443455,C# included in project-tree scan,automated inspection,cancellation_token;query_materialization
src/Services/Notification/Notification.Application/Features/Notifications/QueueBulkNotification/QueueBulkNotificationCommandValidator.cs,cs,51,6c2e562ec1313d9d,C# included in project-tree scan,automated inspection,
src/Services/Notification/Notification.Application/Features/Preferences/GetPreferences/GetPreferencesQuery.cs,cs,5,1997aeda85937efe,C# included in project-tree scan,automated inspection,
src/Services/Notification/Notification.Application/Features/Preferences/GetPreferences/GetPreferencesQueryHandler.cs,cs,50,b1c04d92a09687f2,C# included in project-tree scan,automated inspection,ef_save;cancellation_token
src/Services/Notification/Notification.Application/Features/Preferences/UpdatePreferences/UpdatePreferencesCommand.cs,cs,13,5ce33d231687daa5,C# included in project-tree scan,automated inspection,
src/Services/Notification/Notification.Application/Features/Preferences/UpdatePreferences/UpdatePreferencesCommandHandler.cs,cs,80,9766d11d888a12bc,C# included in project-tree scan,automated inspection,ef_save;cancellation_token;external_call
src/Services/Notification/Notification.Application/Features/Preferences/UpdatePreferences/UpdatePreferencesCommandValidator.cs,cs,12,d4732a3c8bd52352,C# included in project-tree scan,automated inspection,
src/Services/Notification/Notification.Application/Features/Templates/CheckTemplateExists/CheckTemplateExistsQuery.cs,cs,3,a4cf0dcb7a157dd8,C# included in project-tree scan,automated inspection,
src/Services/Notification/Notification.Application/Features/Templates/CheckTemplateExists/CheckTemplateExistsQueryHandler.cs,cs,26,30a368c57a38656b,C# included in project-tree scan,automated inspection,cancellation_token
src/Services/Notification/Notification.Application/Features/Templates/CreateTemplate/CreateTemplateCommand.cs,cs,14,0769ce0b0b0dbf3f,C# included in project-tree scan,automated inspection,
src/Services/Notification/Notification.Application/Features/Templates/CreateTemplate/CreateTemplateCommandHandler.cs,cs,39,361f123305e00108,C# included in project-tree scan,automated inspection,cancellation_token
src/Services/Notification/Notification.Application/Features/Templates/CreateTemplate/CreateTemplateCommandValidator.cs,cs,50,38fea1910b548629,C# included in project-tree scan,automated inspection,
src/Services/Notification/Notification.Application/Features/Templates/DeleteTemplate/DeleteTemplateCommand.cs,cs,3,d69a62c169637f67,C# included in project-tree scan,automated inspection,
src/Services/Notification/Notification.Application/Features/Templates/DeleteTemplate/DeleteTemplateCommandHandler.cs,cs,26,9405f809d484c010,C# included in project-tree scan,automated inspection,cancellation_token
src/Services/Notification/Notification.Application/Features/Templates/GetActiveTemplates/GetActiveTemplatesQuery.cs,cs,5,402753eb6644c8f7,C# included in project-tree scan,automated inspection,
src/Services/Notification/Notification.Application/Features/Templates/GetActiveTemplates/GetActiveTemplatesQueryHandler.cs,cs,27,08348c3965c5bafa,C# included in project-tree scan,automated inspection,cancellation_token
src/Services/Notification/Notification.Application/Features/Templates/GetTemplateById/GetTemplateByIdQuery.cs,cs,5,41917a921ca74af0,C# included in project-tree scan,automated inspection,
src/Services/Notification/Notification.Application/Features/Templates/GetTemplateById/GetTemplateByIdQueryHandler.cs,cs,27,f1859ba203218060,C# included in project-tree scan,automated inspection,cancellation_token
src/Services/Notification/Notification.Application/Features/Templates/GetTemplateByKey/GetTemplateByKeyQuery.cs,cs,5,b7918bb590f2d9a0,C# included in project-tree scan,automated inspection,
src/Services/Notification/Notification.Application/Features/Templates/GetTemplateByKey/GetTemplateByKeyQueryHandler.cs,cs,27,7a472151d7d46d58,C# included in project-tree scan,automated inspection,cancellation_token
src/Services/Notification/Notification.Application/Features/Templates/GetTemplates/GetTemplatesQuery.cs,cs,8,e37459bba9cc347a,C# included in project-tree scan,automated inspection,
src/Services/Notification/Notification.Application/Features/Templates/GetTemplates/GetTemplatesQueryHandler.cs,cs,27,1ce37e550d8ea176,C# included in project-tree scan,automated inspection,cancellation_token
src/Services/Notification/Notification.Application/Features/Templates/UpdateTemplate/UpdateTemplateCommand.cs,cs,15,cd85f6c5d9b94da0,C# included in project-tree scan,automated inspection,
src/Services/Notification/Notification.Application/Features/Templates/UpdateTemplate/UpdateTemplateCommandHandler.cs,cs,39,1d51ba9d232fecba,C# included in project-tree scan,automated inspection,cancellation_token
src/Services/Notification/Notification.Application/Features/Templates/UpdateTemplate/UpdateTemplateCommandValidator.cs,cs,49,08ad96826a5fbce6,C# included in project-tree scan,automated inspection,
src/Services/Notification/Notification.Application/Filtering/NotificationRecordFilter.cs,cs,31,e36129538ff138c3,C# included in project-tree scan,automated inspection,suppressed_nullable
src/Services/Notification/Notification.Application/GlobalUsings.cs,cs,21,4c84eb19329ca8ef,C# included in project-tree scan,automated inspection,
src/Services/Notification/Notification.Application/Helpers/EmailHelper.cs,cs,20,6b67ac4c831df1b9,C# included in project-tree scan,automated inspection,
src/Services/Notification/Notification.Application/Helpers/NotificationDataBuilder.cs,cs,57,b5db1a6440ff0caa,C# included in project-tree scan,automated inspection,
src/Services/Notification/Notification.Application/Helpers/NotificationFormattingHelper.cs,cs,58,95a264650f4558b0,C# included in project-tree scan,automated inspection,manual_time
src/Services/Notification/Notification.Application/Helpers/NotificationLocalizationMetadata.cs,cs,116,f50d6c48a2d0d077,C# included in project-tree scan,automated inspection,
src/Services/Notification/Notification.Application/Helpers/PhoneNumberHelper.cs,cs,38,5a9a0deccbd94302,C# included in project-tree scan,automated inspection,
src/Services/Notification/Notification.Application/Helpers/SecurityHelper.cs,cs,11,9fa494c10372d077,C# included in project-tree scan,automated inspection,
src/Services/Notification/Notification.Application/Helpers/TemplateHelper.cs,cs,66,5ddbd5250e8245dd,C# included in project-tree scan,automated inspection,
src/Services/Notification/Notification.Application/Interfaces/IIdempotencyService.cs,cs,33,590460896f9e79d4,C# included in project-tree scan,automated inspection,cancellation_token
src/Services/Notification/Notification.Application/Interfaces/INotificationHubService.cs,cs,19,7dbf347f25da6e73,C# included in project-tree scan,automated inspection,
src/Services/Notification/Notification.Application/Interfaces/INotificationPreferenceRepository.cs,cs,11,a9341f92801331c3,C# included in project-tree scan,automated inspection,cancellation_token
src/Services/Notification/Notification.Application/Interfaces/INotificationRecordRepository.cs,cs,39,e6477a08ed636d49,C# included in project-tree scan,automated inspection,cancellation_token
src/Services/Notification/Notification.Application/Interfaces/INotificationRecordService.cs,cs,13,c1b84dd8ae9f7215,C# included in project-tree scan,automated inspection,cancellation_token
src/Services/Notification/Notification.Application/Interfaces/INotificationRepository.cs,cs,37,f3f7e3e210e0b2e1,C# included in project-tree scan,automated inspection,cancellation_token
src/Services/Notification/Notification.Application/Interfaces/INotificationSender.cs,cs,55,f94703d4315d59e4,C# included in project-tree scan,automated inspection,cancellation_token;external_call
src/Services/Notification/Notification.Application/Interfaces/INotificationService.cs,cs,21,2e2c6fa5d7332aee,C# included in project-tree scan,automated inspection,cancellation_token
src/Services/Notification/Notification.Application/Interfaces/ISenders.cs,cs,38,c44b7d25af5ae259,C# included in project-tree scan,automated inspection,cancellation_token;external_call
src/Services/Notification/Notification.Application/Interfaces/ITemplateRepository.cs,cs,21,b8ad4c017aa691cd,C# included in project-tree scan,automated inspection,cancellation_token
src/Services/Notification/Notification.Application/Interfaces/ITemplateService.cs,cs,16,c3d262f5fcdd48b8,C# included in project-tree scan,automated inspection,cancellation_token
src/Services/Notification/Notification.Application/Localization/NotificationMessageKeys.cs,cs,86,a68e766b53315d33,C# included in project-tree scan,automated inspection,
src/Services/Notification/Notification.Application/Notification.Application.csproj,csproj,27,54303bd280b47ad0,xml parsed,automated inspection,
src/Services/Notification/Notification.Application/Resources/NotificationResources.cs,cs,3,b74ce4ef894923a4,C# included in project-tree scan,automated inspection,
src/Services/Notification/Notification.Application/Resources/NotificationResources.ja-JP.resx,resx,116,14d749078057a876,xml parsed,automated inspection,
src/Services/Notification/Notification.Application/Resources/NotificationResources.resx,resx,116,27a7e51242b888f0,xml parsed,automated inspection,
src/Services/Notification/Notification.Application/Services/NotificationRecordService.cs,cs,83,850912a354b9acdf,C# included in project-tree scan,automated inspection,cancellation_token;query_materialization
src/Services/Notification/Notification.Application/Services/NotificationSender.cs,cs,279,ad85d3840cc469fb,C# included in project-tree scan,focused manual inspection,broad_exception_catch;ef_save;cancellation_token;external_call
src/Services/Notification/Notification.Application/Services/NotificationServiceImpl.cs,cs,253,fcd48158558d2784,C# included in project-tree scan,automated inspection,ef_save;cancellation_token;query_materialization
src/Services/Notification/Notification.Application/Services/TemplateService.cs,cs,131,163ba13b2e4717ad,C# included in project-tree scan,automated inspection,ef_save;cancellation_token;query_materialization
src/Services/Notification/Notification.Contracts/Commands/BulkNotificationRecipient.cs,cs,9,0d340632812f1783,C# included in project-tree scan,automated inspection,
src/Services/Notification/Notification.Contracts/Commands/ProcessMarkAllNotificationsReadCommand.cs,cs,8,a78f22ab04fef026,C# included in project-tree scan,automated inspection,
src/Services/Notification/Notification.Contracts/Commands/SendBulkNotificationCommand.cs,cs,15,f2093f745f8ec11b,C# included in project-tree scan,automated inspection,
src/Services/Notification/Notification.Contracts/Enums/NotificationChannels.cs,cs,12,36f29705c73ea7d4,C# included in project-tree scan,automated inspection,
src/Services/Notification/Notification.Contracts/Events/AuctionCancelledNotificationEvent.cs,cs,14,ebbc330e81d23ab6,C# included in project-tree scan,automated inspection,manual_time
src/Services/Notification/Notification.Contracts/Events/BulkNotificationCompletedEvent.cs,cs,13,0a312be225f91b45,C# included in project-tree scan,automated inspection,
src/Services/Notification/Notification.Contracts/Events/EmailNotificationRequestedEvent.cs,cs,20,fd5ace0913b2589b,C# included in project-tree scan,automated inspection,manual_time
src/Services/Notification/Notification.Contracts/Events/EmailRequestedEvent.cs,cs,17,1ed09282b1705158,C# included in project-tree scan,automated inspection,manual_time
src/Services/Notification/Notification.Contracts/Events/NotificationRequestedEvent.cs,cs,33,f7779127bf0e6ef0,C# included in project-tree scan,automated inspection,manual_time
src/Services/Notification/Notification.Contracts/NotificationService.Contracts.csproj,csproj,25,a5cac618789e111f,xml parsed,automated inspection,
src/Services/Notification/Notification.Domain/Constants/NotificationChannelNames.cs,cs,10,0902517463ec0a7e,C# included in project-tree scan,automated inspection,
src/Services/Notification/Notification.Domain/Constants/NotificationDefaults.cs,cs,205,1a605536581bbda9,C# included in project-tree scan,automated inspection,
src/Services/Notification/Notification.Domain/Constants/NotificationTemplateConstants.cs,cs,41,2eadfb06b589fd7a,C# included in project-tree scan,automated inspection,
src/Services/Notification/Notification.Domain/Entities/Notification.cs,cs,99,3bd73c4f905079ed,C# included in project-tree scan,automated inspection,manual_time
src/Services/Notification/Notification.Domain/Entities/NotificationPreference.cs,cs,47,dff8a3ec0a795aef,C# included in project-tree scan,automated inspection,manual_time
src/Services/Notification/Notification.Domain/Entities/NotificationRecord.cs,cs,58,102885833b9c227d,C# included in project-tree scan,automated inspection,manual_time
src/Services/Notification/Notification.Domain/Entities/NotificationTemplate.cs,cs,73,dec6c32919856568,C# included in project-tree scan,automated inspection,manual_time
src/Services/Notification/Notification.Domain/Entities/UserNotification.cs,cs,68,50e66606eaf5be9c,C# included in project-tree scan,automated inspection,manual_time
src/Services/Notification/Notification.Domain/Enums/ChannelType.cs,cs,11,ae5098af49876b17,C# included in project-tree scan,automated inspection,
src/Services/Notification/Notification.Domain/Enums/NotificationRecordStatus.cs,cs,8,bbe72d475cf6135f,C# included in project-tree scan,automated inspection,
src/Services/Notification/Notification.Domain/Enums/NotificationStatus.cs,cs,10,15f2842a0b3516e6,C# included in project-tree scan,automated inspection,
src/Services/Notification/Notification.Domain/Enums/NotificationType.cs,cs,57,3ba7622c0971651f,C# included in project-tree scan,automated inspection,
src/Services/Notification/Notification.Domain/GlobalUsings.cs,cs,2,93acc47bf0515d9c,C# included in project-tree scan,automated inspection,
src/Services/Notification/Notification.Domain/Notification.Domain.csproj,csproj,14,e620280de5e548a7,xml parsed,automated inspection,
src/Services/Notification/Notification.Infrastructure/Configuration/FirebaseOptions.cs,cs,20,785cb4ebaacc71b0,C# included in project-tree scan,automated inspection,
src/Services/Notification/Notification.Infrastructure/Configuration/RabbitMqSettings.cs,cs,28,cb45af63b5356473,C# included in project-tree scan,automated inspection,
src/Services/Notification/Notification.Infrastructure/Configuration/SendGridOptions.cs,cs,23,6cf1201ee4dce912,C# included in project-tree scan,automated inspection,
src/Services/Notification/Notification.Infrastructure/Configuration/TwilioOptions.cs,cs,26,4581703b11208f25,C# included in project-tree scan,automated inspection,
src/Services/Notification/Notification.Infrastructure/Extensions/NotificationServiceExtensions.cs,cs,132,3a71fbcb2fdb9641,C# included in project-tree scan,automated inspection,
src/Services/Notification/Notification.Infrastructure/GlobalUsings.cs,cs,10,ba323119203111a0,C# included in project-tree scan,automated inspection,
src/Services/Notification/Notification.Infrastructure/Messaging/ConsumerRegistrationExtensions.cs,cs,70,5f285387269a42d9,C# included in project-tree scan,automated inspection,
src/Services/Notification/Notification.Infrastructure/Messaging/Consumers/AuctionJobNotificationConsumers.cs,cs,146,b754ec96646676a6,C# included in project-tree scan,automated inspection,
src/Services/Notification/Notification.Infrastructure/Messaging/Consumers/AuctionNotificationConsumers.cs,cs,152,dd4aa8029b13acd7,C# included in project-tree scan,automated inspection,manual_time
src/Services/Notification/Notification.Infrastructure/Messaging/Consumers/AutoBidConsumers.cs,cs,130,574fd6720ecdae65,C# included in project-tree scan,automated inspection,
src/Services/Notification/Notification.Infrastructure/Messaging/Consumers/Base/IdempotentNotificationConsumer.cs,cs,58,4e87072c535f49d1,C# included in project-tree scan,automated inspection,cancellation_token
src/Services/Notification/Notification.Infrastructure/Messaging/Consumers/BidAcceptedConsumer.cs,cs,70,871c7d92a7ad0348,C# included in project-tree scan,automated inspection,cancellation_token
src/Services/Notification/Notification.Infrastructure/Messaging/Consumers/BidRejectedConsumer.cs,cs,72,e4465f6503ea41e6,C# included in project-tree scan,automated inspection,cancellation_token
src/Services/Notification/Notification.Infrastructure/Messaging/Consumers/BidStatusConsumers.cs,cs,73,1a12a4130955570b,C# included in project-tree scan,automated inspection,
src/Services/Notification/Notification.Infrastructure/Messaging/Consumers/EmailNotificationRequestedConsumer.cs,cs,114,bc94e5322280db0f,C# included in project-tree scan,automated inspection,ef_save;cancellation_token;external_call
src/Services/Notification/Notification.Infrastructure/Messaging/Consumers/IdentityNotificationConsumers.cs,cs,69,4232b7469c4b973a,C# included in project-tree scan,automated inspection,
src/Services/Notification/Notification.Infrastructure/Messaging/Consumers/JobNotificationConsumers.cs,cs,180,e4c44521b5c1c3e3,C# included in project-tree scan,automated inspection,
src/Services/Notification/Notification.Infrastructure/Messaging/Consumers/MarkAllNotificationsReadConsumer.cs,cs,37,28012247336c8ff7,C# included in project-tree scan,automated inspection,ef_save;cancellation_token
src/Services/Notification/Notification.Infrastructure/Messaging/Consumers/NotificationRequestedConsumer.cs,cs,318,e151b2981a3641b2,C# included in project-tree scan,focused manual inspection,broad_exception_catch;parallel_work;ef_save;cancellation_token;suppressed_nullable;external_call
src/Services/Notification/Notification.Infrastructure/Messaging/Consumers/OrderNotificationConsumers.cs,cs,111,03eaac4e5d36c36c,C# included in project-tree scan,automated inspection,
src/Services/Notification/Notification.Infrastructure/Messaging/Consumers/OutbidConsumer.cs,cs,83,d1ad8be1b9615aef,C# included in project-tree scan,automated inspection,cancellation_token
src/Services/Notification/Notification.Infrastructure/Messaging/Consumers/PasswordChangedConsumer.cs,cs,107,c814e5e705ac1b65,C# included in project-tree scan,automated inspection,ef_save;cancellation_token;external_call
src/Services/Notification/Notification.Infrastructure/Messaging/Consumers/SecurityAlertConsumer.cs,cs,127,20ee50773ca918d1,C# included in project-tree scan,automated inspection,ef_save;cancellation_token;external_call
src/Services/Notification/Notification.Infrastructure/Messaging/Consumers/SendBulkNotificationConsumer.cs,cs,366,ce29b8f3f2bca210,C# included in project-tree scan,focused manual inspection,broad_exception_catch;parallel_work;ef_save;cancellation_token;manual_time;suppressed_nullable;query_materialization;external_call
src/Services/Notification/Notification.Infrastructure/Messaging/Consumers/TwoFactorDisabledConsumer.cs,cs,99,3391bafd0e4412de,C# included in project-tree scan,automated inspection,ef_save;cancellation_token;external_call
src/Services/Notification/Notification.Infrastructure/Messaging/Consumers/TwoFactorEnabledConsumer.cs,cs,99,b5dc56f2753d9756,C# included in project-tree scan,automated inspection,ef_save;cancellation_token;external_call
src/Services/Notification/Notification.Infrastructure/Messaging/Consumers/UserCreatedConsumer.cs,cs,145,2718e2f7c3777e1e,C# included in project-tree scan,automated inspection,ef_save;cancellation_token;external_call
src/Services/Notification/Notification.Infrastructure/Messaging/Consumers/UserLoginConsumer.cs,cs,99,3e2b44d1f7433607,C# included in project-tree scan,automated inspection,ef_save;cancellation_token;external_call
src/Services/Notification/Notification.Infrastructure/Messaging/Consumers/WalletConsumers.cs,cs,197,de09e6b2806351fc,C# included in project-tree scan,automated inspection,
src/Services/Notification/Notification.Infrastructure/Messaging/MassTransitConfiguration.cs,cs,338,f43c529849ed8edd,C# included in project-tree scan,automated inspection,
src/Services/Notification/Notification.Infrastructure/Notification.Infrastructure.csproj,csproj,44,b12fd811a98d7cad,xml parsed,automated inspection,
src/Services/Notification/Notification.Infrastructure/Persistence/Configurations/NotificationConfiguration.cs,cs,71,f9466c1aa069ce5c,C# included in project-tree scan,automated inspection,
src/Services/Notification/Notification.Infrastructure/Persistence/Configurations/NotificationPreferenceConfiguration.cs,cs,50,ca6c7d68693e70cb,C# included in project-tree scan,automated inspection,
src/Services/Notification/Notification.Infrastructure/Persistence/Configurations/NotificationRecordConfiguration.cs,cs,56,e39001cefbd26433,C# included in project-tree scan,automated inspection,
src/Services/Notification/Notification.Infrastructure/Persistence/Configurations/NotificationTemplateConfiguration.cs,cs,55,084ddc97efd3db84,C# included in project-tree scan,automated inspection,
src/Services/Notification/Notification.Infrastructure/Persistence/Configurations/UserNotificationConfiguration.cs,cs,54,4c89bcfd56a86897,C# included in project-tree scan,automated inspection,
src/Services/Notification/Notification.Infrastructure/Persistence/Migrations/20260730153751_InitialCreate.Designer.cs,cs,634,edf094b0a5fa0012,C# included in project-tree scan,automated inspection,
src/Services/Notification/Notification.Infrastructure/Persistence/Migrations/20260730153751_InitialCreate.cs,cs,380,790203dd3e825798,C# included in project-tree scan,automated inspection,
src/Services/Notification/Notification.Infrastructure/Persistence/Migrations/NotificationDbContextModelSnapshot.cs,cs,631,c35ef67320918755,C# included in project-tree scan,automated inspection,
src/Services/Notification/Notification.Infrastructure/Persistence/NotificationDbContext.cs,cs,39,625c5d31d6113504,C# included in project-tree scan,automated inspection,
src/Services/Notification/Notification.Infrastructure/Persistence/NotificationDbContextFactory.cs,cs,16,82a455edd45ee6f6,C# included in project-tree scan,automated inspection,
src/Services/Notification/Notification.Infrastructure/Persistence/RedisIdempotencyService.cs,cs,87,91930261e9aad7ff,C# included in project-tree scan,automated inspection,cancellation_token;manual_time
src/Services/Notification/Notification.Infrastructure/Persistence/Repositories/NotificationPreferenceRepository.cs,cs,34,2c83e1707253d5a8,C# included in project-tree scan,automated inspection,async_ef_query;cancellation_token
src/Services/Notification/Notification.Infrastructure/Persistence/Repositories/NotificationRecordRepository.cs,cs,169,97b3235e6832522e,C# included in project-tree scan,automated inspection,async_ef_query;cancellation_token;suppressed_nullable;query_materialization
src/Services/Notification/Notification.Infrastructure/Persistence/Repositories/NotificationRepository.cs,cs,154,5f315bf007d6e399,C# included in project-tree scan,automated inspection,async_ef_query;cancellation_token;manual_time;query_materialization
src/Services/Notification/Notification.Infrastructure/Persistence/Repositories/TemplateRepository.cs,cs,75,0aa1d7ea1e0d991a,C# included in project-tree scan,automated inspection,async_ef_query;ef_save;cancellation_token;query_materialization
src/Services/Notification/Notification.Infrastructure/Persistence/UnitOfWork.cs,cs,12,36ec3bfdf075b0d5,C# included in project-tree scan,automated inspection,
src/Services/Notification/Notification.Infrastructure/Senders/EmailSender.cs,cs,58,cd85f3e2e1ac45de,C# included in project-tree scan,automated inspection,broad_exception_catch;cancellation_token;external_call
src/Services/Notification/Notification.Infrastructure/Senders/FirebasePushSender.cs,cs,189,7d6f6662b82ec127,C# included in project-tree scan,automated inspection,broad_exception_catch;enumerable_input;cancellation_token;query_materialization;external_call
src/Services/Notification/Notification.Infrastructure/Senders/PushSender.cs,cs,57,74a3fc79748c1805,C# included in project-tree scan,automated inspection,broad_exception_catch;cancellation_token;external_call
src/Services/Notification/Notification.Infrastructure/Senders/SendGridEmailSender.cs,cs,101,840a79429b1d11dc,C# included in project-tree scan,automated inspection,broad_exception_catch;cancellation_token;external_call
src/Services/Notification/Notification.Infrastructure/Senders/SmsNotificationSender.cs,cs,56,90f4e01fb47afa3e,C# included in project-tree scan,automated inspection,broad_exception_catch;cancellation_token;external_call
src/Services/Notification/Notification.Infrastructure/Senders/TwilioSmsSender.cs,cs,124,6d06ee8b05b7d72d,C# included in project-tree scan,automated inspection,broad_exception_catch;cancellation_token;external_call
src/Services/Notification/tests/Notification.Application.Tests/AssemblyReferenceTests.cs,cs,16,60aefb5fef6c2565,C# included in project-tree scan,automated inspection,
src/Services/Notification/tests/Notification.Application.Tests/Notification.Application.Tests.csproj,csproj,15,411bc5b4feb1282e,xml parsed,automated inspection,
src/Services/Notification/tests/Notification.Application.Tests/NotificationSenderTests.cs,cs,112,5efae8a9d4e1ea2c,C# included in project-tree scan,automated inspection,suppressed_nullable
src/Services/Notification/tests/Notification.Domain.Tests/AssemblyReferenceTests.cs,cs,16,03443bac5bc80ed3,C# included in project-tree scan,automated inspection,
src/Services/Notification/tests/Notification.Domain.Tests/Notification.Domain.Tests.csproj,csproj,15,4bd3ec70daed90c6,xml parsed,automated inspection,
src/Services/Payment/Payment.Api/Dockerfile,Dockerfile,60,b0012ecb31b4946c,Dockerfile FROM present,automated inspection,
src/Services/Payment/Payment.Api/Endpoints/Orders/OrderCommandEndpoints.cs,cs,108,d076ea789fb2c161,C# included in project-tree scan,automated inspection,cancellation_token;http_routes;authorization
src/Services/Payment/Payment.Api/Endpoints/Orders/OrderQueryEndpoints.cs,cs,230,17f2feec303fb945,C# included in project-tree scan,automated inspection,cancellation_token;http_routes;authorization
src/Services/Payment/Payment.Api/Endpoints/Orders/OrderReportEndpoints.cs,cs,66,de52b10b10dcaf3b,C# included in project-tree scan,automated inspection,cancellation_token;http_routes;authorization
src/Services/Payment/Payment.Api/Endpoints/Payments/PaymentEndpoints.cs,cs,139,345f436923b2ff44,C# included in project-tree scan,automated inspection,cancellation_token;http_routes;authorization
src/Services/Payment/Payment.Api/Endpoints/Payments/PaymentWebhookEndpoints.cs,cs,52,f6ffe2f4fbe7a9ea,C# included in project-tree scan,focused manual inspection,broad_exception_catch;cancellation_token;http_routes;authorization
src/Services/Payment/Payment.Api/Endpoints/Wallets/WalletEndpoints.cs,cs,70,a8fd96baa7758608,C# included in project-tree scan,automated inspection,cancellation_token;http_routes;authorization
src/Services/Payment/Payment.Api/Endpoints/Wallets/WalletTransactionEndpoints.cs,cs,84,8e544a800db094b5,C# included in project-tree scan,automated inspection,cancellation_token;http_routes;authorization
src/Services/Payment/Payment.Api/Extensions/DependencyInjection/ServiceExtensions.cs,cs,78,cf1263e5607f520e,C# included in project-tree scan,automated inspection,
src/Services/Payment/Payment.Api/GlobalUsings.cs,cs,13,31b2535b74efcdeb,C# included in project-tree scan,automated inspection,
src/Services/Payment/Payment.Api/Payment.Api.csproj,csproj,29,7fbbd5b043825758,xml parsed,automated inspection,
src/Services/Payment/Payment.Api/Program.cs,cs,91,c5ef0c2592599920,C# included in project-tree scan,automated inspection,
src/Services/Payment/Payment.Api/Properties/launchSettings.json,json,14,4dca73b6661fbc59,json parsed,automated inspection,
src/Services/Payment/Payment.Api/appsettings.Production.json,json,18,2d22a9df3596ac50,json parsed,automated inspection,
src/Services/Payment/Payment.Api/appsettings.json,json,48,4dfed1733054b69b,json parsed,automated inspection,configuration_secret_field
src/Services/Payment/Payment.Application/DTOs/Audit/PaymentAuditData.cs,cs,115,87663e14485a165b,C# included in project-tree scan,automated inspection,
src/Services/Payment/Payment.Application/DTOs/OrderDto.cs,cs,78,cfe2b40b30262048,C# included in project-tree scan,automated inspection,
src/Services/Payment/Payment.Application/DTOs/OrderFilterDto.cs,cs,11,4451be0006e9919c,C# included in project-tree scan,automated inspection,
src/Services/Payment/Payment.Application/DTOs/PaymentDtos.cs,cs,21,3d252763a76b5a16,C# included in project-tree scan,automated inspection,
src/Services/Payment/Payment.Application/DTOs/StripeModels.cs,cs,13,c1b30248e25cf734,C# included in project-tree scan,automated inspection,
src/Services/Payment/Payment.Application/DTOs/WalletDto.cs,cs,45,cf63cc2def2b54f0,C# included in project-tree scan,automated inspection,suppressed_nullable
src/Services/Payment/Payment.Application/Errors/PaymentErrors.cs,cs,62,b001b2a3c1ba22ad,C# included in project-tree scan,automated inspection,
src/Services/Payment/Payment.Application/EventHandlers/FundsDeductedFromHeldDomainEventHandler.cs,cs,38,c8d021c364e172b9,C# included in project-tree scan,automated inspection,cancellation_token;external_call
src/Services/Payment/Payment.Application/EventHandlers/FundsDepositedDomainEventHandler.cs,cs,37,815edbdfd9bce506,C# included in project-tree scan,automated inspection,cancellation_token;external_call
src/Services/Payment/Payment.Application/EventHandlers/FundsHeldDomainEventHandler.cs,cs,37,22ed447ededc0a5d,C# included in project-tree scan,automated inspection,cancellation_token;external_call
src/Services/Payment/Payment.Application/EventHandlers/FundsReleasedDomainEventHandler.cs,cs,37,83837c22bf228482,C# included in project-tree scan,automated inspection,cancellation_token;external_call
src/Services/Payment/Payment.Application/EventHandlers/FundsWithdrawnDomainEventHandler.cs,cs,37,a5f67b34589fa522,C# included in project-tree scan,automated inspection,cancellation_token;external_call
src/Services/Payment/Payment.Application/EventHandlers/OrderCreatedDomainEventHandler.cs,cs,40,410f5ed2e762ebe6,C# included in project-tree scan,automated inspection,cancellation_token;external_call
src/Services/Payment/Payment.Application/EventHandlers/OrderDeliveredDomainEventHandler.cs,cs,37,8119b9c4f35edc47,C# included in project-tree scan,automated inspection,cancellation_token;external_call
src/Services/Payment/Payment.Application/EventHandlers/OrderShippedDomainEventHandler.cs,cs,38,974b0cdcc59aefff,C# included in project-tree scan,automated inspection,cancellation_token;suppressed_nullable;external_call
src/Services/Payment/Payment.Application/EventHandlers/OrderStatusChangedDomainEventHandler.cs,cs,26,40e235195e2ea4c8,C# included in project-tree scan,automated inspection,cancellation_token
src/Services/Payment/Payment.Application/EventHandlers/PaymentCompletedDomainEventHandler.cs,cs,40,71f0fe12085e1d58,C# included in project-tree scan,automated inspection,cancellation_token;suppressed_nullable;external_call
src/Services/Payment/Payment.Application/EventHandlers/WalletCreatedDomainEventHandler.cs,cs,37,0053c1a672400fd2,C# included in project-tree scan,automated inspection,cancellation_token;external_call
src/Services/Payment/Payment.Application/Extensions/Mappings/OrderMappingExtensions.cs,cs,18,999582ef93142cc4,C# included in project-tree scan,automated inspection,enumerable_input;query_materialization
src/Services/Payment/Payment.Application/Extensions/Mappings/WalletMappingExtensions.cs,cs,18,40a43aa337ead652,C# included in project-tree scan,automated inspection,enumerable_input;query_materialization
src/Services/Payment/Payment.Application/Extensions/Mappings/WalletTransactionMappingExtensions.cs,cs,18,73ca58cc901a7da7,C# included in project-tree scan,automated inspection,enumerable_input;query_materialization
src/Services/Payment/Payment.Application/Features/Orders/GetAllOrders/GetAllOrdersQuery.cs,cs,15,92df321a4033044f,C# included in project-tree scan,automated inspection,
src/Services/Payment/Payment.Application/Features/Orders/GetAllOrders/GetAllOrdersQueryHandler.cs,cs,46,1ecc1dcc84f1275d,C# included in project-tree scan,automated inspection,cancellation_token
src/Services/Payment/Payment.Application/Features/Orders/GetOrderByAuctionId/GetOrderByAuctionIdQuery.cs,cs,8,1bb64df52a6d51f8,C# included in project-tree scan,automated inspection,
src/Services/Payment/Payment.Application/Features/Orders/GetOrderByAuctionId/GetOrderByAuctionIdQueryHandler.cs,cs,30,61287737c0f06e5f,C# included in project-tree scan,automated inspection,cancellation_token
src/Services/Payment/Payment.Application/Features/Orders/GetOrderById/GetOrderByIdQuery.cs,cs,8,e3b15c92150a61c1,C# included in project-tree scan,automated inspection,
src/Services/Payment/Payment.Application/Features/Orders/GetOrderById/GetOrderByIdQueryHandler.cs,cs,30,74caa051a1124e49,C# included in project-tree scan,automated inspection,cancellation_token
src/Services/Payment/Payment.Application/Features/Orders/GetOrderStats/GetOrderStatsQuery.cs,cs,6,588649908e4a23ad,C# included in project-tree scan,automated inspection,
src/Services/Payment/Payment.Application/Features/Orders/GetOrderStats/GetOrderStatsQueryHandler.cs,cs,21,ff2f0e3a8399f187,C# included in project-tree scan,automated inspection,cancellation_token
src/Services/Payment/Payment.Application/Features/Orders/GetOrdersByBuyer/GetOrdersByBuyerQuery.cs,cs,18,f5175a401caf426f,C# included in project-tree scan,automated inspection,
src/Services/Payment/Payment.Application/Features/Orders/GetOrdersByBuyer/GetOrdersByBuyerQueryHandler.cs,cs,49,73693d3fc3587ea5,C# included in project-tree scan,automated inspection,cancellation_token
src/Services/Payment/Payment.Application/Features/Orders/GetOrdersBySeller/GetOrdersBySellerQuery.cs,cs,18,20aeec6ca59d4221,C# included in project-tree scan,automated inspection,
src/Services/Payment/Payment.Application/Features/Orders/GetOrdersBySeller/GetOrdersBySellerQueryHandler.cs,cs,49,c2134526d6d44414,C# included in project-tree scan,automated inspection,cancellation_token
src/Services/Payment/Payment.Application/Features/Orders/MarkDelivered/MarkDeliveredCommand.cs,cs,8,2cb58d4e4f0c2e8d,C# included in project-tree scan,automated inspection,
src/Services/Payment/Payment.Application/Features/Orders/MarkDelivered/MarkDeliveredCommandHandler.cs,cs,84,721804e8d5e1bf6a,C# included in project-tree scan,automated inspection,ef_save;cancellation_token;external_call
src/Services/Payment/Payment.Application/Features/Orders/PrepareCheckout/PrepareCheckoutCommand.cs,cs,9,4dd5c8c62900491e,C# included in project-tree scan,automated inspection,
src/Services/Payment/Payment.Application/Features/Orders/PrepareCheckout/PrepareCheckoutCommandHandler.cs,cs,77,cebd03f0d8483feb,C# included in project-tree scan,automated inspection,ef_save;cancellation_token;external_call
src/Services/Payment/Payment.Application/Features/Orders/PrepareCheckout/PrepareCheckoutCommandValidator.cs,cs,31,dd9b343cf6910d39,C# included in project-tree scan,automated inspection,
src/Services/Payment/Payment.Application/Features/Orders/QueueOrderReportGeneration/QueueOrderReportCommand.cs,cs,31,cb365d07f22f1eca,C# included in project-tree scan,automated inspection,
src/Services/Payment/Payment.Application/Features/Orders/QueueOrderReportGeneration/QueueOrderReportCommandHandler.cs,cs,54,b1538ff79987b2c2,C# included in project-tree scan,automated inspection,cancellation_token;manual_time
src/Services/Payment/Payment.Application/Features/Orders/QueueOrderReportGeneration/QueueOrderReportCommandValidator.cs,cs,31,9c7c148988fed999,C# included in project-tree scan,automated inspection,manual_time
src/Services/Payment/Payment.Application/Features/Orders/ShipOrder/ShipOrderCommand.cs,cs,12,64814cbf820eb46f,C# included in project-tree scan,automated inspection,
src/Services/Payment/Payment.Application/Features/Orders/ShipOrder/ShipOrderCommandHandler.cs,cs,95,576875226c27c131,C# included in project-tree scan,automated inspection,ef_save;cancellation_token;external_call
src/Services/Payment/Payment.Application/Features/Orders/ShipOrder/ShipOrderCommandValidator.cs,cs,33,93596c68258e5dc0,C# included in project-tree scan,automated inspection,
src/Services/Payment/Payment.Application/Features/Wallets/CreateWallet/CreateWalletCommand.cs,cs,9,826b80e1c7bf2ae6,C# included in project-tree scan,automated inspection,
src/Services/Payment/Payment.Application/Features/Wallets/CreateWallet/CreateWalletCommandHandler.cs,cs,56,e5393d991f38c0a0,C# included in project-tree scan,automated inspection,ef_save;cancellation_token;external_call
src/Services/Payment/Payment.Application/Features/Wallets/GetTransactionById/GetTransactionByIdQuery.cs,cs,8,bbe24b591b643c63,C# included in project-tree scan,automated inspection,
src/Services/Payment/Payment.Application/Features/Wallets/GetTransactionById/GetTransactionByIdQueryHandler.cs,cs,28,21986c19bef7ce7f,C# included in project-tree scan,automated inspection,cancellation_token
src/Services/Payment/Payment.Application/Features/Wallets/GetWallet/GetWalletQuery.cs,cs,8,d4f76bb5b8479894,C# included in project-tree scan,automated inspection,
src/Services/Payment/Payment.Application/Features/Wallets/GetWallet/GetWalletQueryHandler.cs,cs,28,302ab8fbe9b53b34,C# included in project-tree scan,automated inspection,cancellation_token
src/Services/Payment/Payment.Application/Features/Wallets/GetWalletTransactions/GetWalletTransactionsQuery.cs,cs,20,acd4cf551e081a88,C# included in project-tree scan,automated inspection,
src/Services/Payment/Payment.Application/Features/Wallets/GetWalletTransactions/GetWalletTransactionsQueryHandler.cs,cs,50,91b8b3cf98e4a24a,C# included in project-tree scan,automated inspection,cancellation_token
src/Services/Payment/Payment.Application/Features/Wallets/HoldFunds/HoldFundsCommand.cs,cs,11,54e4f4281492f266,C# included in project-tree scan,automated inspection,
src/Services/Payment/Payment.Application/Features/Wallets/HoldFunds/HoldFundsCommandHandler.cs,cs,114,7f234669e40dcc02,C# included in project-tree scan,automated inspection,ef_save;cancellation_token;external_call
src/Services/Payment/Payment.Application/Features/Wallets/ProcessWalletPayment/ProcessWalletPaymentCommand.cs,cs,11,85fbe6827641ad80,C# included in project-tree scan,automated inspection,
src/Services/Payment/Payment.Application/Features/Wallets/ProcessWalletPayment/ProcessWalletPaymentCommandHandler.cs,cs,132,4de8913d714be67b,C# included in project-tree scan,automated inspection,ef_save;cancellation_token;external_call
src/Services/Payment/Payment.Application/Features/Wallets/ReleaseFunds/ReleaseFundsCommand.cs,cs,10,eca205308a85ecbe,C# included in project-tree scan,automated inspection,
src/Services/Payment/Payment.Application/Features/Wallets/ReleaseFunds/ReleaseFundsCommandHandler.cs,cs,113,39b0b75259b1c700,C# included in project-tree scan,automated inspection,ef_save;cancellation_token;external_call
src/Services/Payment/Payment.Application/Filtering/OrderFilter.cs,cs,38,53fa7d1289992d08,C# included in project-tree scan,automated inspection,suppressed_nullable
src/Services/Payment/Payment.Application/Filtering/WalletTransactionFilter.cs,cs,32,47172049bf7fe286,C# included in project-tree scan,automated inspection,suppressed_nullable
src/Services/Payment/Payment.Application/GlobalUsings.cs,cs,23,5185eeb17a3b5eda,C# included in project-tree scan,automated inspection,
src/Services/Payment/Payment.Application/Helpers/DateTimeHelper.cs,cs,17,cc84e9096e1c1c4d,C# included in project-tree scan,automated inspection,manual_time
src/Services/Payment/Payment.Application/Interfaces/IOrderReportGenerator.cs,cs,29,9893e8d1a6544259,C# included in project-tree scan,automated inspection,cancellation_token
src/Services/Payment/Payment.Application/Interfaces/IOrderRepository.cs,cs,28,4370aff9fd13b2d4,C# included in project-tree scan,automated inspection,cancellation_token
src/Services/Payment/Payment.Application/Interfaces/IPaymentGateway.cs,cs,15,db546106c0ba3872,C# included in project-tree scan,automated inspection,cancellation_token
src/Services/Payment/Payment.Application/Interfaces/IStripeServiceFactory.cs,cs,8,b142eebc71198a19,C# included in project-tree scan,automated inspection,
src/Services/Payment/Payment.Application/Interfaces/IWalletRepository.cs,cs,11,0e0ca1ea333f6d38,C# included in project-tree scan,automated inspection,
src/Services/Payment/Payment.Application/Interfaces/IWalletTransactionRepository.cs,cs,16,16e27ccf83f7db30,C# included in project-tree scan,automated inspection,cancellation_token
src/Services/Payment/Payment.Application/Mappings/MappingProfile.cs,cs,21,b72fe95dbe764d3b,C# included in project-tree scan,automated inspection,manual_time
src/Services/Payment/Payment.Application/Payment.Application.csproj,csproj,19,baf3576f42fabad6,xml parsed,automated inspection,
src/Services/Payment/Payment.Application/Predicates/OrderPredicates.cs,cs,31,cecc60549c336e91,C# included in project-tree scan,automated inspection,
src/Services/Payment/Payment.Application/Resources/PaymentResources.cs,cs,3,d270b23ffa91015c,C# included in project-tree scan,automated inspection,
src/Services/Payment/Payment.Application/Resources/PaymentResources.ja-JP.resx,resx,56,977fce204f05d4ee,xml parsed,automated inspection,
src/Services/Payment/Payment.Application/Resources/PaymentResources.resx,resx,56,c52b362b4e6bb7cd,xml parsed,automated inspection,
src/Services/Payment/Payment.Contracts/Commands/GenerateOrderReportCommand.cs,cs,15,26001fca1944f301,C# included in project-tree scan,automated inspection,
src/Services/Payment/Payment.Contracts/Events/FundsDeductedFromHeldEvent.cs,cs,15,fadb2b72cf1f4742,C# included in project-tree scan,automated inspection,
src/Services/Payment/Payment.Contracts/Events/FundsDepositedEvent.cs,cs,14,0c42f19dbad25cef,C# included in project-tree scan,automated inspection,
src/Services/Payment/Payment.Contracts/Events/FundsHeldEvent.cs,cs,14,d24c5e259705bd9d,C# included in project-tree scan,automated inspection,
src/Services/Payment/Payment.Contracts/Events/FundsReleasedEvent.cs,cs,14,1bc7bb3c5e0b0948,C# included in project-tree scan,automated inspection,
src/Services/Payment/Payment.Contracts/Events/FundsWithdrawnEvent.cs,cs,14,a48abb0330fa8bee,C# included in project-tree scan,automated inspection,
src/Services/Payment/Payment.Contracts/Events/OrderCreatedEvent.cs,cs,18,fe3e31501d9430be,C# included in project-tree scan,automated inspection,
src/Services/Payment/Payment.Contracts/Events/OrderDeliveredEvent.cs,cs,16,87e6b1557724109b,C# included in project-tree scan,automated inspection,
src/Services/Payment/Payment.Contracts/Events/OrderReportGeneratedEvent.cs,cs,16,67f1ce464efd384b,C# included in project-tree scan,automated inspection,
src/Services/Payment/Payment.Contracts/Events/OrderShippedEvent.cs,cs,16,aaa24a4c0db4eaf7,C# included in project-tree scan,automated inspection,
src/Services/Payment/Payment.Contracts/Events/PaymentCompletedEvent.cs,cs,18,bccbb3caccb80786,C# included in project-tree scan,automated inspection,
src/Services/Payment/Payment.Contracts/Events/WalletCreatedEvent.cs,cs,14,cdc69fd981b532e1,C# included in project-tree scan,automated inspection,
src/Services/Payment/Payment.Contracts/PaymentService.Contracts.csproj,csproj,25,40b966ac921a1189,xml parsed,automated inspection,
src/Services/Payment/Payment.Domain/Constants/OrderAuditActions.cs,cs,10,8392246c8207c19e,C# included in project-tree scan,automated inspection,
src/Services/Payment/Payment.Domain/Constants/PaymentMethods.cs,cs,24,e576b41c002c47c0,C# included in project-tree scan,automated inspection,
src/Services/Payment/Payment.Domain/Constants/WalletDefaults.cs,cs,88,64d04d7fd31e7c37,C# included in project-tree scan,automated inspection,
src/Services/Payment/Payment.Domain/Constants/WalletTransactionConstants.cs,cs,21,cfa63f7176812c70,C# included in project-tree scan,automated inspection,
src/Services/Payment/Payment.Domain/Entities/Order.cs,cs,259,4ac65ae3294ad430,C# included in project-tree scan,automated inspection,manual_time;domain_events
src/Services/Payment/Payment.Domain/Entities/Wallet.cs,cs,173,47051b1a15193dab,C# included in project-tree scan,automated inspection,manual_time;domain_events
src/Services/Payment/Payment.Domain/Entities/WalletTransaction.cs,cs,78,fe5888b2c007d73b,C# included in project-tree scan,automated inspection,manual_time
src/Services/Payment/Payment.Domain/Enums/OrderStatus.cs,cs,18,6156331a41c8857c,C# included in project-tree scan,automated inspection,
src/Services/Payment/Payment.Domain/Enums/PaymentStatus.cs,cs,14,06f36368dc8eff5c,C# included in project-tree scan,automated inspection,
src/Services/Payment/Payment.Domain/Enums/TransactionStatus.cs,cs,13,a483e19ac22c56eb,C# included in project-tree scan,automated inspection,
src/Services/Payment/Payment.Domain/Enums/TransactionType.cs,cs,15,7fbf8545212ae161,C# included in project-tree scan,automated inspection,
src/Services/Payment/Payment.Domain/Events/FundsDeductedFromHeldDomainEvent.cs,cs,10,b252e1b830df65a8,C# included in project-tree scan,automated inspection,domain_events
src/Services/Payment/Payment.Domain/Events/FundsDepositedDomainEvent.cs,cs,9,b2668c2d2ccb6097,C# included in project-tree scan,automated inspection,domain_events
src/Services/Payment/Payment.Domain/Events/FundsHeldDomainEvent.cs,cs,9,78c3f9b553b7c8aa,C# included in project-tree scan,automated inspection,domain_events
src/Services/Payment/Payment.Domain/Events/FundsReleasedDomainEvent.cs,cs,9,ac50976c4ca66468,C# included in project-tree scan,automated inspection,domain_events
src/Services/Payment/Payment.Domain/Events/FundsWithdrawnDomainEvent.cs,cs,9,e2a7e4cf8ba495ad,C# included in project-tree scan,automated inspection,domain_events
src/Services/Payment/Payment.Domain/Events/OrderCreatedDomainEvent.cs,cs,14,ee1bfc2a0ea1e107,C# included in project-tree scan,automated inspection,domain_events
src/Services/Payment/Payment.Domain/Events/OrderDeliveredDomainEvent.cs,cs,12,81adc115bbc46b61,C# included in project-tree scan,automated inspection,domain_events
src/Services/Payment/Payment.Domain/Events/OrderShippedDomainEvent.cs,cs,12,7745bc5d3e675928,C# included in project-tree scan,automated inspection,domain_events
src/Services/Payment/Payment.Domain/Events/OrderStatusChangedDomainEvent.cs,cs,13,72f34b76adb8e870,C# included in project-tree scan,automated inspection,domain_events
src/Services/Payment/Payment.Domain/Events/PaymentCompletedDomainEvent.cs,cs,15,45316b67c734df3a,C# included in project-tree scan,automated inspection,domain_events
src/Services/Payment/Payment.Domain/Events/WalletCreatedDomainEvent.cs,cs,9,376ec7c6a12dd348,C# included in project-tree scan,automated inspection,domain_events
src/Services/Payment/Payment.Domain/GlobalUsings.cs,cs,8,85e6e18bbd78a73d,C# included in project-tree scan,automated inspection,
src/Services/Payment/Payment.Domain/Payment.Domain.csproj,csproj,11,5e1be198fb8b811f,xml parsed,automated inspection,
src/Services/Payment/Payment.Domain/ValueObjects/PaymentAmount.cs,cs,59,adca100e6be7d06b,C# included in project-tree scan,automated inspection,enumerable_input
src/Services/Payment/Payment.Infrastructure/Configuration/StripeOptions.cs,cs,18,dca81b25f523a3b3,C# included in project-tree scan,automated inspection,
src/Services/Payment/Payment.Infrastructure/Constants/StripeConstants.cs,cs,30,4cedaa1833b30ac6,C# included in project-tree scan,automated inspection,
src/Services/Payment/Payment.Infrastructure/Extensions/MassTransitExtensions.cs,cs,108,326af0052e13811f,C# included in project-tree scan,automated inspection,
src/Services/Payment/Payment.Infrastructure/GlobalUsings.cs,cs,14,e8ec8cc41cea56ec,C# included in project-tree scan,automated inspection,
src/Services/Payment/Payment.Infrastructure/Messaging/Consumers/AuctionFinishedConsumer.cs,cs,60,a0b2d21b75c0f8c5,C# included in project-tree scan,automated inspection,ef_save;cancellation_token
src/Services/Payment/Payment.Infrastructure/Messaging/Consumers/BuyNowExecutedConsumer.cs,cs,55,b5e041f4f0ac0923,C# included in project-tree scan,automated inspection,ef_save;cancellation_token
src/Services/Payment/Payment.Infrastructure/Messaging/Consumers/CreateBuyNowOrderConsumer.cs,cs,92,0b062b717f8124ca,C# included in project-tree scan,automated inspection,broad_exception_catch;ef_save;cancellation_token;manual_time
src/Services/Payment/Payment.Infrastructure/Messaging/Consumers/GenerateOrderReportConsumer.cs,cs,162,b0c7ae1ffb222514,C# included in project-tree scan,automated inspection,cancellation_token;manual_time
src/Services/Payment/Payment.Infrastructure/Payment.Infrastructure.csproj,csproj,29,e79e1603099d5c6d,xml parsed,automated inspection,
src/Services/Payment/Payment.Infrastructure/Persistence/Configurations/OrderConfiguration.cs,cs,89,c6daa7c3f1ff8a3e,C# included in project-tree scan,automated inspection,
src/Services/Payment/Payment.Infrastructure/Persistence/Configurations/WalletConfiguration.cs,cs,46,03b26aba92bef92f,C# included in project-tree scan,automated inspection,
src/Services/Payment/Payment.Infrastructure/Persistence/Configurations/WalletTransactionConfiguration.cs,cs,55,47532a529eff4802,C# included in project-tree scan,automated inspection,
src/Services/Payment/Payment.Infrastructure/Persistence/Migrations/20260730153444_InitialCreate.Designer.cs,cs,497,51afff259214f22e,C# included in project-tree scan,automated inspection,
src/Services/Payment/Payment.Infrastructure/Persistence/Migrations/20260730153444_InitialCreate.cs,cs,312,a2b33b90970fb445,C# included in project-tree scan,automated inspection,
src/Services/Payment/Payment.Infrastructure/Persistence/Migrations/PaymentDbContextModelSnapshot.cs,cs,494,78ba78f18a9028a4,C# included in project-tree scan,automated inspection,
src/Services/Payment/Payment.Infrastructure/Persistence/PaymentDbContext.cs,cs,37,8288cafbb38b44f1,C# included in project-tree scan,automated inspection,
src/Services/Payment/Payment.Infrastructure/Persistence/PaymentDbContextFactory.cs,cs,16,f046460dd91ba8c2,C# included in project-tree scan,automated inspection,
src/Services/Payment/Payment.Infrastructure/Persistence/UnitOfWork.cs,cs,12,f3a84d0dd68411a2,C# included in project-tree scan,automated inspection,
src/Services/Payment/Payment.Infrastructure/Repositories/OrderRepository.cs,cs,273,8c035f64f0ce3af9,C# included in project-tree scan,focused manual inspection,async_ef_query;cancellation_token;manual_time;suppressed_nullable;query_materialization
src/Services/Payment/Payment.Infrastructure/Repositories/WalletRepository.cs,cs,42,8ebd607b2ccc9643,C# included in project-tree scan,automated inspection,async_ef_query;manual_time
src/Services/Payment/Payment.Infrastructure/Repositories/WalletTransactionRepository.cs,cs,94,4623aa4ff7163ddf,C# included in project-tree scan,automated inspection,async_ef_query;cancellation_token;query_materialization
src/Services/Payment/Payment.Infrastructure/Services/OrderReportGenerator.cs,cs,202,28c0796b229c98fe,C# included in project-tree scan,focused manual inspection,broad_exception_catch;cancellation_token;manual_time;query_materialization
src/Services/Payment/Payment.Infrastructure/Services/StripePaymentGateway.cs,cs,242,a244c6554aa9daa2,C# included in project-tree scan,focused manual inspection,ef_save;cancellation_token
src/Services/Payment/Payment.Infrastructure/Services/StripeServiceFactory.cs,cs,18,630eaf4862b248b3,C# included in project-tree scan,automated inspection,
src/Services/Payment/tests/Payment.Application.Tests/AssemblyReferenceTests.cs,cs,16,d7f54880e857e9ac,C# included in project-tree scan,automated inspection,
src/Services/Payment/tests/Payment.Application.Tests/OrderOwnershipTests.cs,cs,88,abf98dc1db47fba8,C# included in project-tree scan,automated inspection,cancellation_token;suppressed_nullable
src/Services/Payment/tests/Payment.Application.Tests/Payment.Application.Tests.csproj,csproj,15,aee521e678e53510,xml parsed,automated inspection,
src/Services/Payment/tests/Payment.Domain.Tests/OrderPaymentTests.cs,cs,83,02bcece5d27da1f8,C# included in project-tree scan,automated inspection,
src/Services/Payment/tests/Payment.Domain.Tests/Payment.Domain.Tests.csproj,csproj,14,9dfd6f42a11c0ede,xml parsed,automated inspection,
src/Services/Payment/tests/Payment.Infrastructure.Tests/Payment.Infrastructure.Tests.csproj,csproj,15,43398c65bb873582,xml parsed,automated inspection,
src/Services/Payment/tests/Payment.Infrastructure.Tests/PaymentOrderConsumerTests.cs,cs,239,4ca2631ed354174f,C# included in project-tree scan,automated inspection,ef_save;cancellation_token;manual_time;suppressed_nullable
src/Services/Search/Search.Api/Dockerfile,Dockerfile,58,27f49671cfae37c8,Dockerfile FROM present,automated inspection,
src/Services/Search/Search.Api/Endpoints/Admin/AdminEndpoints.cs,cs,84,c37eb2a2831b6af5,C# included in project-tree scan,automated inspection,cancellation_token;http_routes;suppressed_nullable
src/Services/Search/Search.Api/Endpoints/Auctions/SearchEndpoints.cs,cs,148,922d071f3c723430,C# included in project-tree scan,automated inspection,cancellation_token;http_routes;authorization
src/Services/Search/Search.Api/GlobalUsings.cs,cs,11,db034421233c4598,C# included in project-tree scan,automated inspection,
src/Services/Search/Search.Api/Program.cs,cs,55,7387f4d578538096,C# included in project-tree scan,automated inspection,
src/Services/Search/Search.Api/Resources/SearchResources.cs,cs,3,b023ce8ec9087b9c,C# included in project-tree scan,automated inspection,
src/Services/Search/Search.Api/Resources/SearchResources.ja-JP.resx,resx,44,0b2804021d52668d,xml parsed,automated inspection,
src/Services/Search/Search.Api/Resources/SearchResources.resx,resx,44,f4eb95a17031b7b6,xml parsed,automated inspection,
src/Services/Search/Search.Api/Search.Api.csproj,csproj,24,b7357139a0026dea,xml parsed,automated inspection,
src/Services/Search/Search.Api/appsettings.Production.json,json,20,761e89e822cdca99,json parsed,automated inspection,
src/Services/Search/Search.Api/appsettings.json,json,51,48f8a027fa9c0c35,json parsed,automated inspection,configuration_secret_field
src/Services/Search/Search.Application/DependencyInjection.cs,cs,13,f902b9fa293e4801,C# included in project-tree scan,automated inspection,
src/Services/Search/Search.Application/Errors/IndexErrors.cs,cs,27,46c75ca827f36da6,C# included in project-tree scan,automated inspection,
src/Services/Search/Search.Application/Errors/SearchErrors.cs,cs,34,e7996f0e73794d86,C# included in project-tree scan,automated inspection,
src/Services/Search/Search.Application/Features/Admin/Commands/EnsureIndex/EnsureIndexCommand.cs,cs,22,41ee33d20d7f0f6a,C# included in project-tree scan,automated inspection,cancellation_token
src/Services/Search/Search.Application/Features/Admin/Commands/RecreateIndex/RecreateIndexCommand.cs,cs,22,c0d75c9e5b0c9f35,C# included in project-tree scan,automated inspection,cancellation_token
src/Services/Search/Search.Application/Features/Admin/Queries/GetHealth/GetHealthQuery.cs,cs,22,aba29c976c23589c,C# included in project-tree scan,automated inspection,cancellation_token
src/Services/Search/Search.Application/Features/Admin/Queries/GetIndexStats/GetIndexStatsQuery.cs,cs,22,dda4110074103007,C# included in project-tree scan,automated inspection,cancellation_token
src/Services/Search/Search.Application/Features/Auctions/Queries/Autocomplete/AutocompleteQuery.cs,cs,24,dafdb818e55df2c4,C# included in project-tree scan,automated inspection,cancellation_token
src/Services/Search/Search.Application/Features/Auctions/Queries/GetAuction/GetAuctionQuery.cs,cs,28,3972709e1e0312b1,C# included in project-tree scan,automated inspection,cancellation_token
src/Services/Search/Search.Application/Features/Auctions/Queries/SearchAuctions/SearchAuctionsQuery.cs,cs,22,67d71ad3f8c7dd85,C# included in project-tree scan,automated inspection,cancellation_token
src/Services/Search/Search.Application/Features/RecentSearches/Commands/ClearRecentSearches/ClearRecentSearchesCommand.cs,cs,22,efce84a696cfd6c3,C# included in project-tree scan,automated inspection,cancellation_token
src/Services/Search/Search.Application/Features/RecentSearches/Queries/GetPopularSearches/GetPopularSearchesQuery.cs,cs,21,15bf54925da04bfd,C# included in project-tree scan,automated inspection,cancellation_token;query_materialization
src/Services/Search/Search.Application/Features/RecentSearches/Queries/GetRecentSearches/GetRecentSearchesQuery.cs,cs,21,25d788659e13ea55,C# included in project-tree scan,automated inspection,cancellation_token;query_materialization
src/Services/Search/Search.Application/Interfaces/IAuctionIndexService.cs,cs,18,42c3a79fe79ede56,C# included in project-tree scan,automated inspection,enumerable_input;cancellation_token
src/Services/Search/Search.Application/Interfaces/IIndexManagementService.cs,cs,15,854f11a849ba0978,C# included in project-tree scan,automated inspection,cancellation_token
src/Services/Search/Search.Application/Interfaces/IRecentSearchService.cs,cs,9,e894f2fa42af9fa2,C# included in project-tree scan,automated inspection,
src/Services/Search/Search.Application/Interfaces/ISearchServices.cs,cs,20,6c4b706d12d7f755,C# included in project-tree scan,automated inspection,cancellation_token
src/Services/Search/Search.Application/Search.Application.csproj,csproj,20,2e14e32669439e3a,xml parsed,automated inspection,
src/Services/Search/Search.Contracts/Events/SearchIndexErrorEvent.cs,cs,13,3f241ce448a5d34e,C# included in project-tree scan,automated inspection,
src/Services/Search/Search.Contracts/Events/SearchIndexRebuiltEvent.cs,cs,13,a1e2b824cf557164,C# included in project-tree scan,automated inspection,
src/Services/Search/Search.Contracts/SearchService.Contracts.csproj,csproj,19,e17a772d7b816126,xml parsed,automated inspection,
src/Services/Search/Search.Domain/Constants/ElasticsearchFields.cs,cs,98,23d5d457ebdfef6f,C# included in project-tree scan,automated inspection,
src/Services/Search/Search.Domain/Constants/SearchDomainConstants.cs,cs,40,b449249dd5011b1d,C# included in project-tree scan,automated inspection,
src/Services/Search/Search.Domain/Entities/AuctionDocument.cs,cs,78,988a68da90aa4822,C# included in project-tree scan,automated inspection,
src/Services/Search/Search.Domain/Models/SearchModels.cs,cs,127,6616e6868185cfa0,C# included in project-tree scan,automated inspection,
src/Services/Search/Search.Domain/Search.Domain.csproj,csproj,13,65ccc237b15cc763,xml parsed,automated inspection,
src/Services/Search/Search.Infrastructure/Configuration/SearchOptions.cs,cs,51,922d0e8975ea7ce0,C# included in project-tree scan,automated inspection,
src/Services/Search/Search.Infrastructure/Extensions/DependencyInjection/ServiceExtensions.cs,cs,171,b54954732e9b18e3,C# included in project-tree scan,automated inspection,
src/Services/Search/Search.Infrastructure/Extensions/Mappings/AuctionSearchMappingExtensions.cs,cs,61,f88d22ff581a6be0,C# included in project-tree scan,automated inspection,enumerable_input;query_materialization
src/Services/Search/Search.Infrastructure/Extensions/Mappings/SearchFacetsMappingExtensions.cs,cs,61,60a944522ce959de,C# included in project-tree scan,automated inspection,query_materialization
src/Services/Search/Search.Infrastructure/Messaging/Consumers/AuctionCreatedConsumer.cs,cs,68,421c07341bad2137,C# included in project-tree scan,automated inspection,cancellation_token
src/Services/Search/Search.Infrastructure/Messaging/Consumers/AuctionDeletedConsumer.cs,cs,41,f2e3e4e6b963926a,C# included in project-tree scan,automated inspection,cancellation_token
src/Services/Search/Search.Infrastructure/Messaging/Consumers/AuctionFinishedConsumer.cs,cs,65,8a384921eb8608d2,C# included in project-tree scan,automated inspection,cancellation_token
src/Services/Search/Search.Infrastructure/Messaging/Consumers/AuctionUpdatedConsumer.cs,cs,64,97fc6de70839a42f,C# included in project-tree scan,automated inspection,cancellation_token
src/Services/Search/Search.Infrastructure/Messaging/Consumers/BidRetractedConsumer.cs,cs,48,769df6c140ccbd0c,C# included in project-tree scan,automated inspection,cancellation_token
src/Services/Search/Search.Infrastructure/Messaging/Consumers/HighestBidUpdatedConsumer.cs,cs,51,461b5f12bf4b8595,C# included in project-tree scan,automated inspection,cancellation_token
src/Services/Search/Search.Infrastructure/Search.Infrastructure.csproj,csproj,24,82e5660ff6626cbb,xml parsed,automated inspection,
src/Services/Search/Search.Infrastructure/Services/AuctionIndexService.cs,cs,220,80deb7bd0a751f17,C# included in project-tree scan,focused manual inspection,broad_exception_catch;enumerable_input;cancellation_token;manual_time;query_materialization
src/Services/Search/Search.Infrastructure/Services/AuctionSearchService.cs,cs,326,39fdb07d36034b12,C# included in project-tree scan,focused manual inspection,broad_exception_catch;enumerable_input;cancellation_token;query_materialization
src/Services/Search/Search.Infrastructure/Services/BidStateScript.cs,cs,20,a55ea290c01a74c9,C# included in project-tree scan,automated inspection,
src/Services/Search/Search.Infrastructure/Services/InMemoryRecentSearchService.cs,cs,84,6c7965a685be83a5,C# included in project-tree scan,automated inspection,query_materialization
src/Services/Search/Search.Infrastructure/Services/IndexManagementService.cs,cs,229,8a22439638e0ed7a,C# included in project-tree scan,focused manual inspection,broad_exception_catch;cancellation_token;suppressed_nullable
src/Services/Search/Search.Infrastructure/Services/SearchIndexStartupService.cs,cs,42,e7ae0b8f02d0dc40,C# included in project-tree scan,automated inspection,cancellation_token
src/Services/Search/tests/Search.Application.Tests/AssemblyReferenceTests.cs,cs,16,f02a8b0fb12b018f,C# included in project-tree scan,automated inspection,
src/Services/Search/tests/Search.Application.Tests/Search.Application.Tests.csproj,csproj,15,6ab075bc5ffb62e6,xml parsed,automated inspection,
src/Services/Search/tests/Search.Domain.Tests/AssemblyReferenceTests.cs,cs,16,7993a45e8d1c64c8,C# included in project-tree scan,automated inspection,
src/Services/Search/tests/Search.Domain.Tests/Search.Domain.Tests.csproj,csproj,15,0c9eac10e2963ee2,xml parsed,automated inspection,
src/Services/Search/tests/Search.Infrastructure.Tests/BidIndexRequestTests.cs,cs,68,2c0cb9773193740b,C# included in project-tree scan,automated inspection,enumerable_input;suppressed_nullable
src/Services/Search/tests/Search.Infrastructure.Tests/ConsumerFailureTests.cs,cs,92,cfc7681759644e40,C# included in project-tree scan,automated inspection,enumerable_input;cancellation_token;suppressed_nullable
src/Services/Search/tests/Search.Infrastructure.Tests/Search.Infrastructure.Tests.csproj,csproj,14,33b30164f0bc1c3d,xml parsed,automated inspection,
src/Services/Search/tests/Search.Infrastructure.Tests/SearchSortRequestTests.cs,cs,67,87059e58601cfd13,C# included in project-tree scan,automated inspection,enumerable_input
src/Services/Search/tests/Search.Infrastructure.Tests/bid-state-script.test.mjs,mjs,71,94e5d71bfe893f85,scanned,automated inspection,
src/Services/Storage/Storage.Api/Dockerfile,Dockerfile,58,f9fa3e90229ef047,Dockerfile FROM present,automated inspection,
src/Services/Storage/Storage.Api/Endpoints/Files/FileEndpoints.cs,cs,295,e9ffb103f5439073,C# included in project-tree scan,focused manual inspection,cancellation_token;http_routes;authorization;suppressed_nullable
src/Services/Storage/Storage.Api/GlobalUsings.cs,cs,8,2a9a5d53e29c5b3e,C# included in project-tree scan,automated inspection,
src/Services/Storage/Storage.Api/Helpers/FileValidationHelper.cs,cs,82,59a27eb40c3eced5,C# included in project-tree scan,automated inspection,
src/Services/Storage/Storage.Api/Program.cs,cs,132,157d0bb6882e8ca8,C# included in project-tree scan,automated inspection,
src/Services/Storage/Storage.Api/Storage.Api.csproj,csproj,30,554e9868c8a1b8a3,xml parsed,automated inspection,
src/Services/Storage/Storage.Api/appsettings.Production.json,json,16,0f796f70677a93e4,json parsed,automated inspection,
src/Services/Storage/Storage.Api/appsettings.json,json,47,d3e2fb7ff089339a,json parsed,automated inspection,configuration_secret_field
src/Services/Storage/Storage.Application/DTOs/Audit/StorageAuditData.cs,cs,22,b6113c3eecfd5637,C# included in project-tree scan,automated inspection,
src/Services/Storage/Storage.Application/DTOs/StoredFileDto.cs,cs,34,45c027f3c6d214fc,C# included in project-tree scan,automated inspection,
src/Services/Storage/Storage.Application/Errors/StorageErrors.cs,cs,42,fd81a9b10641dec1,C# included in project-tree scan,automated inspection,
src/Services/Storage/Storage.Application/EventHandlers/FileDeletedDomainEventHandler.cs,cs,25,0099c313770dc225,C# included in project-tree scan,automated inspection,cancellation_token;manual_time
src/Services/Storage/Storage.Application/EventHandlers/FileUploadedDomainEventHandler.cs,cs,28,9c24efe6ce89784f,C# included in project-tree scan,automated inspection,cancellation_token;manual_time
src/Services/Storage/Storage.Application/Features/Files/ConfirmPresignedUpload/ConfirmPresignedUploadCommand.cs,cs,12,a957cceb666d1ddf,C# included in project-tree scan,automated inspection,
src/Services/Storage/Storage.Application/Features/Files/ConfirmPresignedUpload/ConfirmPresignedUploadCommandHandler.cs,cs,73,b9120664d94f63c2,C# included in project-tree scan,automated inspection,ef_save;cancellation_token;external_call
src/Services/Storage/Storage.Application/Features/Files/ConfirmPresignedUpload/ConfirmPresignedUploadCommandValidator.cs,cs,14,f0c978acbca4564e,C# included in project-tree scan,automated inspection,
src/Services/Storage/Storage.Application/Features/Files/DeleteFile/DeleteFileCommand.cs,cs,5,b798fc290747264b,C# included in project-tree scan,automated inspection,
src/Services/Storage/Storage.Application/Features/Files/DeleteFile/DeleteFileCommandHandler.cs,cs,56,1d9acb39749907a1,C# included in project-tree scan,automated inspection,ef_save;cancellation_token;external_call
src/Services/Storage/Storage.Application/Features/Files/DeleteFile/DeleteFileCommandValidator.cs,cs,12,d65135c03ba3c64c,C# included in project-tree scan,automated inspection,
src/Services/Storage/Storage.Application/Features/Files/GeneratePresignedDownload/GeneratePresignedDownloadQuery.cs,cs,6,b6b6c2fd1fe4b2e2,C# included in project-tree scan,automated inspection,
src/Services/Storage/Storage.Application/Features/Files/GeneratePresignedDownload/GeneratePresignedDownloadQueryHandler.cs,cs,45,fdb6c110c1857184,C# included in project-tree scan,automated inspection,cancellation_token
src/Services/Storage/Storage.Application/Features/Files/GeneratePresignedUpload/GeneratePresignedUploadCommand.cs,cs,12,98aa6af99884854c,C# included in project-tree scan,automated inspection,
src/Services/Storage/Storage.Application/Features/Files/GeneratePresignedUpload/GeneratePresignedUploadCommandHandler.cs,cs,42,ddf8491f3ec5f23d,C# included in project-tree scan,automated inspection,cancellation_token
src/Services/Storage/Storage.Application/Features/Files/GetFileById/GetFileByIdQuery.cs,cs,5,413df378b2c85ae0,C# included in project-tree scan,automated inspection,
src/Services/Storage/Storage.Application/Features/Files/GetFileById/GetFileByIdQueryHandler.cs,cs,30,0205dec742a14265,C# included in project-tree scan,automated inspection,cancellation_token
src/Services/Storage/Storage.Application/Features/Files/GetFileUrl/GetFileUrlQuery.cs,cs,5,d33fc9d3d5845558,C# included in project-tree scan,automated inspection,
src/Services/Storage/Storage.Application/Features/Files/GetFileUrl/GetFileUrlQueryHandler.cs,cs,34,47f677b19dfd4e31,C# included in project-tree scan,automated inspection,cancellation_token
src/Services/Storage/Storage.Application/Features/Files/UploadFile/UploadFileCommand.cs,cs,13,2f7eeb3f0e66c4f9,C# included in project-tree scan,automated inspection,
src/Services/Storage/Storage.Application/Features/Files/UploadFile/UploadFileCommandHandler.cs,cs,74,a47dfc43bb844119,C# included in project-tree scan,automated inspection,ef_save;cancellation_token;external_call
src/Services/Storage/Storage.Application/Features/Files/UploadFile/UploadFileCommandValidator.cs,cs,26,3903a4a7b7138dd1,C# included in project-tree scan,automated inspection,
src/Services/Storage/Storage.Application/Features/Files/UploadMultipleFiles/UploadMultipleFilesCommand.cs,cs,17,0c632aebc93bb466,C# included in project-tree scan,automated inspection,
src/Services/Storage/Storage.Application/Features/Files/UploadMultipleFiles/UploadMultipleFilesCommandHandler.cs,cs,162,25d8872d7b249fa5,C# included in project-tree scan,focused manual inspection,broad_exception_catch;parallel_work;ef_save;enumerable_input;cancellation_token;query_materialization;external_call
src/Services/Storage/Storage.Application/Features/Files/UploadMultipleFiles/UploadMultipleFilesCommandValidator.cs,cs,27,c24f9aafde0ad058,C# included in project-tree scan,automated inspection,
src/Services/Storage/Storage.Application/GlobalUsings.cs,cs,8,394c6244f431fd9f,C# included in project-tree scan,automated inspection,
src/Services/Storage/Storage.Application/Interfaces/IStoredFileRepository.cs,cs,15,d3bfb85b963e125c,C# included in project-tree scan,automated inspection,enumerable_input;cancellation_token
src/Services/Storage/Storage.Application/Resources/StorageResources.cs,cs,3,a4678241bc77cb0b,C# included in project-tree scan,automated inspection,
src/Services/Storage/Storage.Application/Resources/StorageResources.ja-JP.resx,resx,36,0478ddb6122b332d,xml parsed,automated inspection,
src/Services/Storage/Storage.Application/Resources/StorageResources.resx,resx,36,cfb9b64dbdc9b5d7,xml parsed,automated inspection,
src/Services/Storage/Storage.Application/Storage.Application.csproj,csproj,22,938b994d9e477d47,xml parsed,automated inspection,
src/Services/Storage/Storage.Contracts/Events/FileDeletedEvent.cs,cs,13,76029558863bad16,C# included in project-tree scan,automated inspection,
src/Services/Storage/Storage.Contracts/Events/FileUploadedEvent.cs,cs,16,6cf8d80d56a95544,C# included in project-tree scan,automated inspection,
src/Services/Storage/Storage.Contracts/StorageService.Contracts.csproj,csproj,21,bb0169b1764fd22a,xml parsed,automated inspection,
src/Services/Storage/Storage.Domain/Constants/StorageDefaults.cs,cs,82,d0b4029644e05355,C# included in project-tree scan,automated inspection,
src/Services/Storage/Storage.Domain/Entities/StoredFile.cs,cs,73,9a0f0a035bd08320,C# included in project-tree scan,automated inspection,manual_time;domain_events
src/Services/Storage/Storage.Domain/Enums/FileStatus.cs,cs,11,41932d432174ef85,C# included in project-tree scan,automated inspection,
src/Services/Storage/Storage.Domain/Enums/StorageProvider.cs,cs,7,0b23ba2c62b35982,C# included in project-tree scan,automated inspection,
src/Services/Storage/Storage.Domain/Events/FileDeletedDomainEvent.cs,cs,6,a45147beb03ec630,C# included in project-tree scan,automated inspection,domain_events
src/Services/Storage/Storage.Domain/Events/FileUploadedDomainEvent.cs,cs,9,f573a11685422f49,C# included in project-tree scan,automated inspection,domain_events
src/Services/Storage/Storage.Domain/GlobalUsings.cs,cs,3,f58e0846467492d4,C# included in project-tree scan,automated inspection,
src/Services/Storage/Storage.Domain/Storage.Domain.csproj,csproj,14,7526f7849f9ceb4b,xml parsed,automated inspection,
src/Services/Storage/Storage.Infrastructure/Configuration/RabbitMqSettings.cs,cs,28,3a07bb2bd81d41bd,C# included in project-tree scan,automated inspection,
src/Services/Storage/Storage.Infrastructure/Extensions/SchedulingExtensions.cs,cs,25,b1ea6b1832c37b9a,C# included in project-tree scan,automated inspection,
src/Services/Storage/Storage.Infrastructure/Extensions/StorageServiceExtensions.cs,cs,33,fd2b94fc379bf3c9,C# included in project-tree scan,automated inspection,
src/Services/Storage/Storage.Infrastructure/GlobalUsings.cs,cs,6,44681692a4998944,C# included in project-tree scan,automated inspection,
src/Services/Storage/Storage.Infrastructure/Jobs/OrphanFileCleanupJob.cs,cs,130,c675c22f595e08bb,C# included in project-tree scan,automated inspection,broad_exception_catch;ef_save;cancellation_token;manual_time
src/Services/Storage/Storage.Infrastructure/Messaging/Consumers/ImageProcessingTriggerConsumer.cs,cs,94,e6cf27132287501d,C# included in project-tree scan,automated inspection,cancellation_token
src/Services/Storage/Storage.Infrastructure/Messaging/MassTransitConfiguration.cs,cs,67,41f5dbd272cad5d3,C# included in project-tree scan,automated inspection,
src/Services/Storage/Storage.Infrastructure/Persistence/Configurations/StoredFileConfiguration.cs,cs,71,4ae06ba5e6b88747,C# included in project-tree scan,automated inspection,
src/Services/Storage/Storage.Infrastructure/Persistence/Migrations/20260730153803_InitialCreate.Designer.cs,cs,310,de55f9e484fe1755,C# included in project-tree scan,automated inspection,
src/Services/Storage/Storage.Infrastructure/Persistence/Migrations/20260730153803_InitialCreate.cs,cs,201,862be83fa57321a6,C# included in project-tree scan,automated inspection,
src/Services/Storage/Storage.Infrastructure/Persistence/Migrations/StorageDbContextModelSnapshot.cs,cs,307,02dcdc492d81e8e4,C# included in project-tree scan,automated inspection,
src/Services/Storage/Storage.Infrastructure/Persistence/Repositories/StoredFileRepository.cs,cs,73,e9327ff6a98eddee,C# included in project-tree scan,automated inspection,async_ef_query;enumerable_input;cancellation_token;query_materialization
src/Services/Storage/Storage.Infrastructure/Persistence/StorageDbContext.cs,cs,35,857f47769124a673,C# included in project-tree scan,automated inspection,
src/Services/Storage/Storage.Infrastructure/Persistence/StorageDbContextFactory.cs,cs,16,09261140a513b140,C# included in project-tree scan,automated inspection,
src/Services/Storage/Storage.Infrastructure/Persistence/UnitOfWork.cs,cs,12,92eeaf3b1e892b34,C# included in project-tree scan,automated inspection,
src/Services/Storage/Storage.Infrastructure/Storage.Infrastructure.csproj,csproj,36,633ffa9e6e862050,xml parsed,automated inspection,
src/Services/Storage/tests/Storage.Application.Tests/AssemblyReferenceTests.cs,cs,16,0d39299f674d5b95,C# included in project-tree scan,automated inspection,
src/Services/Storage/tests/Storage.Application.Tests/LocalFileStorageServiceTests.cs,cs,226,e4874bc836597342,C# included in project-tree scan,automated inspection,broad_exception_catch
src/Services/Storage/tests/Storage.Application.Tests/Storage.Application.Tests.csproj,csproj,15,70ef5b6f427938b3,xml parsed,automated inspection,
src/Services/Storage/tests/Storage.Domain.Tests/AssemblyReferenceTests.cs,cs,16,3a0ea1df441ed0dc,C# included in project-tree scan,automated inspection,
src/Services/Storage/tests/Storage.Domain.Tests/Storage.Domain.Tests.csproj,csproj,15,1fccf95e1ceb1f6b,xml parsed,automated inspection,
src/Tests/Architecture.Tests/Architecture.Tests.csproj,csproj,15,d8ef504da50945e6,xml parsed,automated inspection,
src/Tests/Architecture.Tests/LocalizationBehaviorTests.cs,cs,109,86339367068c5318,C# included in project-tree scan,automated inspection,suppressed_nullable
src/Tests/Architecture.Tests/RepositoryStructureTests.cs,cs,364,dc2f9ce80bf28b03,C# included in project-tree scan,automated inspection,enumerable_input;suppressed_nullable;query_materialization
